subj,MW1_sham_B0,MW1_real_B0,MW1_sham_B1,MW1_real_B1,MW1_sham_B2,MW1_real_B2,MW1_sham_B3,MW1_real_B3,MW2_sham_B0,MW2_real_B0,MW2_sham_B1,MW2_real_B1,MW2_sham_B2,MW2_real_B2,MW2_sham_B3,MW2_real_B3,MW3_sham_B0,MW3_real_B0,MW3_sham_B1,MW3_real_B1,MW3_sham_B2,MW3_real_B2,MW3_sham_B3,MW3_real_B3,AE_sham_B0,AE_real_B0,AE_sham_B1,AE_real_B1,AE_sham_B2,AE_real_B2,AE_sham_B3,AE_real_B3,BV_sham_B0,BV_real_B0,BV_sham_B1,BV_real_B1,BV_sham_B2,BV_real_B2,BV_sham_B3,BV_real_B3
PFC001,2,1.4545454545454546,1.9090909090909092,1.4545454545454546,2.090909090909091,1.8181818181818181,2,2.8181818181818183,1.6363636363636365,1.4545454545454546,1.5454545454545454,1.4545454545454546,2.090909090909091,1.8181818181818181,2.272727272727273,1.8181818181818181,1.8181818181818181,1.2727272727272727,2.272727272727273,1.4545454545454546,1.6363636363636365,1.8181818181818181,2.090909090909091,2.090909090909091,0.5099406708078088,0.9251569310926313,0.37620125662655635,0.38001983242933673,0.5633326707266566,0.4659566600575505,0.7767198311526633,0.6340829993416082,-0.4854789030390371,-0.4455495860276869,-0.6660786613712989,-0.6086296978686894,-0.6030506046627622,-0.6360954690366211,-0.2833686005463053,-0.5021819879392253
PFC002,3.5454545454545454,2.727272727272727,2.6363636363636362,2.909090909090909,2.909090909090909,3.1818181818181817,3.090909090909091,2.8181818181818183,2.727272727272727,2.6363636363636362,2.4545454545454546,2.3636363636363638,2,2.5454545454545454,1.7272727272727273,2.272727272727273,3.6363636363636362,3.090909090909091,3.272727272727273,3.272727272727273,3.090909090909091,3.3636363636363638,3.1818181818181817,3.3636363636363638,-0.32433497864875677,-0.08267521708345454,-0.19661195063574927,-0.5523304232956858,-0.37226746331445976,-0.2766705522590709,0.2925878203326548,-0.7021586586171377,0.6290567032083516,0.7457347467680289,0.22276301628696996,0.039752994684407385,0.051489538203784956,-0.06988260965572057,-0.23854791997886238,0.05692750775266353
PFC003,2,1.2727272727272727,1.9090909090909092,1.5454545454545454,2.272727272727273,1.6363636363636365,2.3636363636363638,1.9090909090909092,1.3636363636363635,1.1818181818181819,1.8181818181818181,1.1818181818181819,2.090909090909091,1.2727272727272727,1.6363636363636365,1.6363636363636365,2.1818181818181817,1.5454545454545454,2.5454545454545454,1.5454545454545454,2.8181818181818183,2.1818181818181817,2.3636363636363638,2.4545454545454546,1.2978316873919993,0.923714755212576,0.8759646869651136,0.8415795554372855,0.7243050514818034,1.021654577226736,0.9713643627938661,0.8729304542717843,-0.7361601081310157,-0.6400513691659339,-0.717372353132358,-0.36697187919680124,-0.28293703589024954,-0.21956033990771973,-0.183804796993708,-0.1672748704365437
PFC004,1.9090909090909092,2.4545454545454546,2.727272727272727,2.6363636363636362,2.909090909090909,3,2.909090909090909,2.8181818181818183,3.090909090909091,1.2727272727272727,1.7272727272727273,1.0909090909090908,1.2727272727272727,1.0909090909090908,1,1,2.1818181818181817,3.1818181818181817,3.5454545454545454,3.1818181818181817,3.090909090909091,3.6363636363636362,3.3636363636363638,3.4545454545454546,0.35688455853582907,0.3744333774206121,0.024776655417468423,0.28284775870971735,0.19730422889853666,0.26955926602275565,0.3877057025592872,0.054429618642225355,0.23281565250984437,-0.3921193194490424,-0.06071590785000054,-0.3667864627377485,-0.3182955022799927,-0.6586212760238109,-0.4400223395818162,-0.22579857064321235
PFC005,2.8181818181818183,2.6363636363636362,2.272727272727273,2,2,2.6363636363636362,2.090909090909091,2.090909090909091,1.3636363636363635,1.5454545454545454,1.0909090909090908,1.6363636363636365,1.5454545454545454,1.1818181818181819,2.090909090909091,1.6363636363636365,3.1818181818181817,3.090909090909091,3,3.3636363636363638,2.909090909090909,3.8181818181818183,2.8181818181818183,3.4545454545454546,0.12558280169876282,-0.030674286565832987,0.4433686391486802,-0.08936644794939627,0.15977746387068878,0.031295776614904604,0.7166063188855081,0.4244897158988899,-0.4251841053445796,1.6602318982527808,0.4951023837671533,1.6439801390926099,1.3222179204864408,1.0929709181432794,0.5067020193091589,1.2157557788303668
PFC006,1.7272727272727273,2,1.6363636363636365,2.727272727272727,1.7272727272727273,2.272727272727273,1.5454545454545454,1.7272727272727273,3.1818181818181817,2.272727272727273,3.1818181818181817,2.727272727272727,2.5454545454545454,2.5454545454545454,2.4545454545454546,2.1818181818181817,2.4545454545454546,3.090909090909091,2.6363636363636362,3.272727272727273,2.8181818181818183,2.909090909090909,3.272727272727273,2.3636363636363638,0.6795908219138965,0.21192821622789382,0.6405736087616574,0.5250467442521103,0.7481576575818771,0.7933112065927801,0.5231193572982695,0.6484505534750933,-0.7329240442580742,-0.6363724584823911,-0.6895846514618111,-0.37888296175532515,-0.49506024337574817,-0.3130504812190236,-0.5982426344902562,-0.4820227969856226
PFC007,2.3636363636363638,2.272727272727273,2.5454545454545454,2.4545454545454546,2.6363636363636362,2.090909090909091,2.1818181818181817,2,1.8181818181818181,1.7272727272727273,1.7272727272727273,1.2727272727272727,1.5454545454545454,1.6363636363636365,1.5454545454545454,1.6363636363636365,3.3636363636363638,2.6363636363636362,2.8181818181818183,2.6363636363636362,2.4545454545454546,2.727272727272727,2.3636363636363638,2.272727272727273,0.3873612679769534,0.3738013345173386,0.1910166994117048,0.46164318035536633,0.3452389310743578,0.05623420563280836,-0.010279147302157255,0.4353311488959545,-0.0826471643864628,0.13974874837205606,0.307894414698792,-0.029679888982421923,0.6260649801484406,0.4612797947828292,0.20690843423347563,-0.43713093358258465
PFC008,2.272727272727273,1.8181818181818181,2.4545454545454546,2.3636363636363638,2.5454545454545454,2.4545454545454546,2.272727272727273,2.6363636363636362,1.9090909090909092,2.090909090909091,1.4545454545454546,1.3636363636363635,1.4545454545454546,1.1818181818181819,2.1818181818181817,1.6363636363636365,2.5454545454545454,2.1818181818181817,3.1818181818181817,2.8181818181818183,3.090909090909091,2.727272727272727,3,3.1818181818181817,-0.0022205737875995797,0.0013554197163077356,0.034266057826941726,-0.03009594909476751,0.1513334326599674,-0.013751023582472191,-0.4040695766022351,-0.012139331945193819,-0.22423058448280395,1.0294138520172917,-0.22281688938933128,-0.22694744937087855,0.02314945447925325,0.032436993580590386,0.07979428716553609,0.06312837761485278
PFC009,2.090909090909091,2.3636363636363638,2.1818181818181817,2.090909090909091,2.272727272727273,2.1818181818181817,2.090909090909091,2.3636363636363638,2.4545454545454546,2.272727272727273,2.3636363636363638,2.272727272727273,2.272727272727273,2.6363636363636362,2.6363636363636362,2.272727272727273,2.3636363636363638,2.727272727272727,2.3636363636363638,2.5454545454545454,2.4545454545454546,2.4545454545454546,2.090909090909091,2.727272727272727,0.21448645012772263,0.5720025698208988,0.34551574531086215,0.34616033839987004,0.39376151532213716,0.4170529582287848,0.18051702412586026,0.535654451852266,0.4838752358847939,-0.3674808918046568,-0.1244909563306186,-0.4144103334489352,-0.21031624491593415,0.056021713521311675,0.2690973450902436,-0.07222954246380195
PFC010,1.8181818181818181,1.4545454545454546,2.090909090909091,1.5454545454545454,1.7272727272727273,2.090909090909091,2,1.8181818181818181,1.0909090909090908,1.5454545454545454,1.6363636363636365,1,1.1818181818181819,1,1.5454545454545454,1.0909090909090908,1.8181818181818181,1.9090909090909092,2.6363636363636362,2.4545454545454546,2.272727272727273,2.3636363636363638,2.272727272727273,2.1818181818181817,-0.27816467452904725,0.4686597674364382,-0.5665762854503712,0.2518671852779184,-0.86111429585662,-0.1714790661699916,-0.17299310691969538,-0.3732232734965301,-0.3453204817665494,-0.027677344101513825,-0.20875288499180983,-0.07426604396744096,-0.02249231203204215,-0.29344541706665206,-0.020817554819026036,-0.47627785449205967
PFC011,1.3636363636363635,1.9090909090909092,1.2727272727272727,1.7272727272727273,1.9090909090909092,1.9090909090909092,1.8181818181818181,1.9090909090909092,3.4545454545454546,1.4545454545454546,3.5454545454545454,1.5454545454545454,2.8181818181818183,1.0909090909090908,2.8181818181818183,2,2.272727272727273,2.4545454545454546,1.7272727272727273,2.090909090909091,2.4545454545454546,1.9090909090909092,2.3636363636363638,2,2.0018889265214224,0.7552007716639267,0.5216106740738585,0.9482382747313188,0.36974637779994807,1.7245212096865565,0.7829674801947474,1.4964563746438622,-0.3222377351930695,-0.3541215791990251,-0.3184254900514077,-0.4296340379818665,0.1332406636345129,-0.3987057058558664,-0.4783796400914193,-0.5281439223786245
PFC012,1.3636363636363635,1.7272727272727273,1.0909090909090908,2.272727272727273,1,2.5454545454545454,1.1818181818181819,1.5454545454545454,3.6363636363636362,3.272727272727273,3.3636363636363638,3.3636363636363638,3.1818181818181817,2.5454545454545454,3,3.272727272727273,2.090909090909091,2.5454545454545454,1.0909090909090908,3.090909090909091,1.1818181818181819,2.6363636363636362,1.2727272727272727,2,0.3630875860309058,-0.15674552917484783,0.1320648751812842,0.08381262144891305,0.17567386146243158,-0.3600513576205797,0.667287474800448,0.3494056693124895,-0.29914140123332195,0.24269711634362748,-0.7126387391911594,-0.1280988061515024,-0.5713515078331672,-0.3683207785108634,-0.6171455170737108,-0.3025812831970051
PFC013,2.090909090909091,2.272727272727273,1.8181818181818181,2.5454545454545454,1.7272727272727273,2.6363636363636362,1.8181818181818181,2.4545454545454546,3.272727272727273,3.727272727272727,2.8181818181818183,3.727272727272727,2.909090909090909,3.272727272727273,3.1818181818181817,2.909090909090909,3.4545454545454546,3.8181818181818183,2.8181818181818183,3.727272727272727,3.1818181818181817,3.6363636363636362,2.5454545454545454,3.3636363636363638,0.8360055986986313,0.18675133924931367,0.13793779347988827,0.42084750327855625,0.7241813493300309,0.26408930663469704,0.6406553727660743,0.06569087950095458,0.3178896584487871,-0.006241642607189789,0.9874350736099163,0.17458307294122288,0.5177995455473626,0.46688361861610644,-0.15193055226121702,-0.2735003094562022
PFC014,2,1.8181818181818181,2.3636363636363638,2.8181818181818183,2.090909090909091,2.727272727272727,3.090909090909091,2.909090909090909,1.7272727272727273,3.5454545454545454,1.2727272727272727,2,1.7272727272727273,1.6363636363636365,1.6363636363636365,2.1818181818181817,1.9090909090909092,1.2727272727272727,2.3636363636363638,3.1818181818181817,2.6363636363636362,3.727272727272727,3.090909090909091,3.727272727272727,0.8893755669962544,0.3130302009528973,0.34009265214899226,1.1594001565991279,0.6759107648343895,0.43134693349787717,0.6451341571529715,0.2439345399935243,-0.26755852939790464,0.49231766430777413,-0.7461860269855449,0.19209044207803266,-0.1505090445571939,0.26319017468490447,-0.32856059220742967,0.42398922052243054
PFC015,1.9090909090909092,2.090909090909091,2.5454545454545454,2.8181818181818183,2.6363636363636362,2.727272727272727,2.272727272727273,2.3636363636363638,1.6363636363636365,1.5454545454545454,1.7272727272727273,1.9090909090909092,1.8181818181818181,1.9090909090909092,1.4545454545454546,1.5454545454545454,2.090909090909091,2.090909090909091,2.4545454545454546,2.090909090909091,2.3636363636363638,2.6363636363636362,1.9090909090909092,1.9090909090909092,0.22242282887724893,0.040591959484430916,0.06400152028432313,-0.2915993262075155,-0.25562056668073757,0.09372470647090175,-0.10423881662195024,0.32471660363842325,1.2986948323257346,1.189437402038757,2.3020575573014836,1.2444660430029693,1.4632539332573384,0.36138008206950756,0.2678484301130749,1.1564140965285878
PFC016,1.7272727272727273,1.8181818181818181,1.8181818181818181,2.1818181818181817,1.5454545454545454,1.4545454545454546,1.5454545454545454,1.9090909090909092,3.272727272727273,3.272727272727273,3.1818181818181817,2.909090909090909,3.4545454545454546,3.5454545454545454,3.5454545454545454,3.3636363636363638,1.9090909090909092,2.272727272727273,2.3636363636363638,2.090909090909091,2,1.8181818181818181,2,2.1818181818181817,0.26908196660447425,-0.2301180721524172,0.09585692387378901,-0.09743449649592711,-0.038923356551407697,0.17483918045366195,0.4103409504164247,-0.4167202100904397,0.0934451011770187,0.7083939087896781,-0.04164125899612774,0.6165727839186778,-0.08233345005638693,0.411852219134273,0.06571039829002191,0.08130535029403198
PFC017,2.272727272727273,2.5454545454545454,2.3636363636363638,2.8181818181818183,1.8181818181818181,2.1818181818181817,2.090909090909091,1.9090909090909092,2.4545454545454546,1.9090909090909092,1.9090909090909092,2,2.4545454545454546,2.1818181818181817,2.4545454545454546,1.8181818181818181,3.3636363636363638,2.909090909090909,3.1818181818181817,2.272727272727273,2.6363636363636362,3.1818181818181817,2.6363636363636362,2.1818181818181817,-0.17637027896940663,0.11253754629119349,-0.23823871609172234,-0.7152215335529949,0.28756414748377357,0.06470121508597301,-0.5943889031202432,-0.5096943654871722,-0.43375994432523884,-0.29501468359203653,-0.32946072132478127,-0.028336687254320207,-0.7333543742019435,0.43124747954722903,-0.670242458781143,0.13253766728196434
PFC018,1.5454545454545454,1.3636363636363635,1.4545454545454546,1.2727272727272727,1.1818181818181819,1.4545454545454546,1.1818181818181819,1.5454545454545454,2.8181818181818183,3.4545454545454546,2.5454545454545454,3.090909090909091,2.3636363636363638,2.5454545454545454,2.4545454545454546,2.8181818181818183,1.0909090909090908,1.1818181818181819,1.1818181818181819,1.2727272727272727,1.2727272727272727,1.1818181818181819,1.1818181818181819,1.4545454545454546,-0.6632190467659895,-0.25893661144307245,-0.5030858844046618,-0.13180921245993354,-0.6279948803061556,-0.3157381900756538,-0.504896613679553,-0.12801304459029647,-0.440369595916999,-0.23360396088312815,-0.5398026899022582,-0.13665521563533087,0.032036854463772475,-0.3360588447409672,-0.301816723158593,-0.45855655711254134
PFC019,1.9090909090909092,1.6363636363636365,1.7272727272727273,1.9090909090909092,2.090909090909091,2.1818181818181817,1.8181818181818181,1.8181818181818181,1.9090909090909092,1.3636363636363635,1.6363636363636365,2.272727272727273,2,2.4545454545454546,1.5454545454545454,2,1.7272727272727273,1.6363636363636365,1.7272727272727273,2.1818181818181817,1.9090909090909092,2.6363636363636362,1.4545454545454546,2.3636363636363638,-0.5269663886998761,-0.5277259328052926,-0.4152967095473732,-0.905664932583021,-0.4595118493576652,-0.6148215160623863,-0.49388808406857326,-0.0749594710624859,1.4150024028641732,1.9573542827551305,2.027408354401164,0.9690478251431245,2.2066187300210083,2.1816572538502634,1.268555295690531,1.8182957916200462
PFC020,1.4545454545454546,1.4545454545454546,1.0909090909090908,2.272727272727273,1.0909090909090908,1.8181818181818181,1.2727272727272727,1.1818181818181819,3.090909090909091,3.272727272727273,3.8181818181818183,3,3.727272727272727,3.090909090909091,3.8181818181818183,3.909090909090909,3.272727272727273,3.909090909090909,4,3.727272727272727,3.909090909090909,3.909090909090909,4,3.909090909090909,-0.8408951628720043,-0.5458872936438696,-0.6929219079015484,-0.6075074972501386,-0.7101022462547689,-0.7605642284937608,-0.9993484723181046,-0.657513301107346,0.05791277347495333,0.3863375062846296,0.847773541658015,3.0086711000381086,0.510399753412693,1.3299590554979241,0.2484798137377303,-0.11738536772305863
PFC021,1.3636363636363635,2.3636363636363638,2.5454545454545454,1.7272727272727273,2.8181818181818183,2.8181818181818183,2,1.7272727272727273,3.5454545454545454,2.6363636363636362,3.1818181818181817,3,3.4545454545454546,2.727272727272727,3.1818181818181817,3.1818181818181817,2.3636363636363638,2.3636363636363638,3.3636363636363638,2.1818181818181817,3.5454545454545454,3.5454545454545454,2.4545454545454546,2.272727272727273,0.15923394945050448,0.7824930862790056,0.34652993794943815,0.7091887427200962,-0.19798480129765905,0.22440275543826133,-0.11424997965381474,0.19822996516178218,-0.19592032268278778,-0.2245060162864188,-0.023401956584558726,-0.03832555615294831,0.4468532581187298,0.007019989974252205,-0.5335134755996761,-0.5704815957263646
PFC022,2.1818181818181817,1.0909090909090908,2.090909090909091,1.5454545454545454,2.5454545454545454,2.1818181818181817,2.1818181818181817,1.9090909090909092,2.909090909090909,3.8181818181818183,2.3636363636363638,3.4545454545454546,2.3636363636363638,2.1818181818181817,2.5454545454545454,1.8181818181818181,2.8181818181818183,1.5454545454545454,2.6363636363636362,1.3636363636363635,2.909090909090909,2.8181818181818183,2.727272727272727,3,-0.4945427494345136,-0.33171367299775434,-0.36853347898511685,-0.64849302626424,-0.5399928606504131,-0.45671150355924456,-0.4163162388703529,-0.6092412119962216,0.056580141148667135,-0.6065190018401386,-0.21097218837253853,-0.10979331238786721,-0.08178057526063573,0.04398136390865724,0.457897581076787,-0.3798889553044731
PFC023,2.090909090909091,1.1818181818181819,2.090909090909091,2.3636363636363638,2.727272727272727,2.8181818181818183,2.272727272727273,2.6363636363636362,1.5454545454545454,3.4545454545454546,1.6363636363636365,3.8181818181818183,2,3.909090909090909,1.9090909090909092,3.6363636363636362,2.090909090909091,1.5454545454545454,2.4545454545454546,3.090909090909091,3.090909090909091,3.1818181818181817,2.8181818181818183,2.6363636363636362,0.45981699750297034,1.0964079418492692,0.4041861550820355,1.1824316499453973,0.3114188783134801,0.848909811301857,0.31954996146755027,0.832087524104893,-0.8249114264441438,-1.1062836335518553,-0.9848271555139158,-0.7093339303120294,-0.8645926563231048,-0.4642215193654928,-0.8224706478244588,-0.5470815811837721
PFC024,2.1818181818181817,2.1818181818181817,2.3636363636363638,2.6363636363636362,2.6363636363636362,2.5454545454545454,2.909090909090909,2.3636363636363638,2.4545454545454546,2.272727272727273,2.5454545454545454,1.9090909090909092,2.3636363636363638,2.272727272727273,2.1818181818181817,2,2.4545454545454546,2.8181818181818183,2.8181818181818183,2.5454545454545454,3,2.6363636363636362,2.8181818181818183,2.909090909090909,-0.40035260534582556,0.11049633374596177,-0.5778667295575837,0.6790996630654216,-0.6078111124841219,0.15260170008681112,-0.10595122386525559,-0.006967284197864362,-0.19060983195048745,-0.5045126958108503,-0.3314082159998959,-0.43813800754403354,-0.1620936005116302,-0.8208554150874297,-0.4866629897271446,-0.5982549413566434
PFC025,2,3.4545454545454546,1,1,1.5454545454545454,2.1818181818181817,1.2727272727272727,1.9090909090909092,2.909090909090909,2,3.4545454545454546,1,3.1818181818181817,2.727272727272727,2.3636363636363638,2.8181818181818183,2.3636363636363638,1.9090909090909092,1.2727272727272727,1,2.1818181818181817,1.8181818181818181,2,2.090909090909091,-0.14020656465481715,-0.4886038581585179,-0.1460494707511782,0.2113784038883034,-0.45196840963131213,-0.4533508701062642,-0.18477936046354343,-0.028018874885150587,-0.10575104017020426,-0.21637460243003445,-0.35182073171619593,-0.2408870703830692,-0.2545981372154027,-0.23721630105172,-0.35688094365666423,-0.12834181400142253
PFC026,1.8181818181818181,2.090909090909091,2.272727272727273,2,2.4545454545454546,2,2.1818181818181817,2.090909090909091,2.3636363636363638,2.6363636363636362,2.727272727272727,2.727272727272727,2.727272727272727,2.4545454545454546,2.6363636363636362,2.272727272727273,3.090909090909091,2.4545454545454546,3,2.3636363636363638,2.8181818181818183,2.5454545454545454,2.3636363636363638,2.727272727272727,0.6103471490260908,0.3424736132963533,0.20683459537134985,-0.3625153829659016,-0.28517484954787375,-0.1435015464470624,-0.3439731145111168,0.2828376851116287,-0.18164118716118605,-0.0728031541174995,-0.24284464421189098,0.6108081460623286,-0.20211377634080865,-0.46260415425233575,-0.058119386998290404,-0.38281839387587485
PFC027,2,2.090909090909091,2.909090909090909,2.3636363636363638,3.3636363636363638,2.272727272727273,2.272727272727273,2.1818181818181817,2.1818181818181817,2.8181818181818183,1.7272727272727273,2.3636363636363638,1.4545454545454546,2.090909090909091,2.090909090909091,2,3.4545454545454546,3.5454545454545454,3,3.5454545454545454,3.090909090909091,3.272727272727273,3.1818181818181817,2.8181818181818183,-1.1508636374375423,-1.4410563141550892,-1.314490983517321,-1.324676431896945,-1.2506008653398708,-1.4949686222858363,-1.3192832453836691,-1.243254633376284,0.4515998657949102,-0.0723106577340053,0.4869128991711529,0.6585040325960786,0.9467274343562169,0.3705633868291045,0.8194561804555213,0.7806635034664985
PFC028,2.4545454545454546,2.4545454545454546,2.4545454545454546,2.727272727272727,1.8181818181818181,2.909090909090909,2.6363636363636362,2.727272727272727,2.3636363636363638,2.3636363636363638,1.9090909090909092,2,2.8181818181818183,1.8181818181818181,2.1818181818181817,1.7272727272727273,2.3636363636363638,2.5454545454545454,2.8181818181818183,3.090909090909091,1.4545454545454546,3.1818181818181817,3.090909090909091,3,-0.3104142483390435,0.2606496283502345,-0.35352410175020255,0.11214593036655884,-0.6504065572213448,-0.1972394248676564,-0.44453281346589857,0.04074207582867113,-0.12380078576499239,-0.07329360180428027,-0.5363897379585101,-0.0642230453153492,-0.6444738812953458,0.07766340230827441,-0.5738031192861144,0.09318758387343898
PFC029,1.5454545454545454,1.5454545454545454,1.1818181818181819,1.3636363636363635,1.5454545454545454,1.0909090909090908,1.3636363636363635,1.1818181818181819,1.3636363636363635,1.3636363636363635,1.0909090909090908,1.3636363636363635,1.3636363636363635,1.0909090909090908,1.2727272727272727,1.0909090909090908,1.5454545454545454,1.4545454545454546,1.3636363636363635,1.3636363636363635,1.6363636363636365,1.0909090909090908,1.3636363636363635,1.0909090909090908,0.10583657604193131,0.23936488619393037,-0.29353183212146466,0.054468350404459395,-0.04344019674274086,0.0036668627066269773,-0.2046625970922567,-0.18930708149461759,0.13631513078402074,0.12155297026208492,0.04212532640669411,0.3000026880111423,0.1756160762618794,0.0823768480464518,0.2628091349395149,-0.10287416033436815
PFC030,3.090909090909091,3,2.909090909090909,2.727272727272727,3,3,2.4545454545454546,3.1818181818181817,2.1818181818181817,2,2.4545454545454546,1.9090909090909092,2.727272727272727,1.7272727272727273,2.3636363636363638,1.6363636363636365,2.727272727272727,2.6363636363636362,3.4545454545454546,2.727272727272727,3.1818181818181817,3,3,2.727272727272727,0.6148542808039822,0.3748256455344573,0.353323676328413,-0.13383375186508592,0.32919773235096544,-0.31748648547141683,0.4665258293121335,0.060760332116084274,-1.1611112908615224,-0.5997824556038177,-0.961847127933786,-1.2411269940834446,-1.0258450432819715,-0.7572681789297363,-1.1352552486121887,-1.288246551773517
PFC031,1.4545454545454546,1.3636363636363635,1.1818181818181819,1.9090909090909092,1.3636363636363635,1.5454545454545454,1.6363636363636365,1.5454545454545454,3.5454545454545454,3.727272727272727,3.4545454545454546,2.727272727272727,3.8181818181818183,3.090909090909091,3,3.3636363636363638,1.9090909090909092,1.3636363636363635,1.3636363636363635,2,2,1.8181818181818181,2.3636363636363638,1.5454545454545454,0.5362863928798733,-0.16223987396940362,0.803581869111646,0.8783872059410778,1.1356644181982303,0.4578189264437914,1.3999051482685276,0.42798000548925424,-0.48675033036729287,-0.6081256535744686,-0.6899830926666592,-0.6069499725772227,-0.3851145064501653,-0.7631416167396822,-0.6711326071038648,-0.6135792715918783
PFC032,2.272727272727273,3.5454545454545454,2.090909090909091,2.272727272727273,2.3636363636363638,3.272727272727273,2,2.909090909090909,2.090909090909091,3,2.6363636363636362,2.3636363636363638,1.6363636363636365,2.272727272727273,2.5454545454545454,2.272727272727273,2.727272727272727,3,3.272727272727273,2.727272727272727,3.1818181818181817,4,3.090909090909091,3.727272727272727,-0.6997815501298263,-0.6752120637613577,-0.8851187775755285,-1.0426069154903206,-1.2147325155594435,-1.1705699529709104,-1.2464257645031125,-0.6158669951756217,0.18917710229624404,2.1536532935321295,0.24418705102009297,-0.016888196947643933,0.6159493944901057,1.107040549646365,0.11287996997359878,1.751477492907844
PFC033,1.2727272727272727,1.3636363636363635,1.9090909090909092,1.8181818181818181,2.272727272727273,2.1818181818181817,1.8181818181818181,1.9090909090909092,1.5454545454545454,3.090909090909091,1.6363636363636365,3.090909090909091,2.272727272727273,2.5454545454545454,2.4545454545454546,2.8181818181818183,1.7272727272727273,1.1818181818181819,1.9090909090909092,1.8181818181818181,2.4545454545454546,2.6363636363636362,2.3636363636363638,2.272727272727273,0.3799879431905477,0.9805153266434871,-0.0018658820156886176,0.5708192725227949,-0.006012521720773553,0.3474425470735274,0.22767294898607648,0.3104335055423041,1.7653803520982396,0.6812967856789984,1.144005156293912,1.1682630305756452,1.7094288284154187,0.626732481559852,1.1846565668403939,0.779465207364583
PFC034,2.272727272727273,1.7272727272727273,2.4545454545454546,1.7272727272727273,2.272727272727273,2.090909090909091,2.1818181818181817,2.727272727272727,2.8181818181818183,3.5454545454545454,2.1818181818181817,3.090909090909091,2.6363636363636362,2.272727272727273,2.5454545454545454,2.090909090909091,2.909090909090909,3.727272727272727,2.8181818181818183,3.4545454545454546,3.1818181818181817,2.3636363636363638,3,2.4545454545454546,0.41045032423496086,0.6050974831446095,0.023094396901854414,0.34302158019453877,0.298599892951675,0.5889804670970527,-0.09172531089041379,0.24289871579625164,-0.6596811168934,-0.7608012680831681,-0.8271808892126473,-0.7417565224356751,-0.7954174193590499,-0.8068590724942212,-0.8995229786170565,-1.0513269002834165
PFC035,1.4545454545454546,1.8181818181818181,1.2727272727272727,1.8181818181818181,1.1818181818181819,2.1818181818181817,1.5454545454545454,2.3636363636363638,3.8181818181818183,2.909090909090909,3.090909090909091,2,2.4545454545454546,2.5454545454545454,2.909090909090909,2.4545454545454546,1.1818181818181819,1.4545454545454546,1.3636363636363635,2.3636363636363638,1.1818181818181819,2.909090909090909,2.1818181818181817,2.727272727272727,0.22729657088465458,0.057466490312012675,0.5562068230809315,0.4872198232365975,0.10727271119040313,0.2809395670344684,0.4990008574742655,-0.06529682820559272,-0.4374232292848753,-0.05832884812334243,-0.19056640999286192,-0.08917762426392235,-0.6275194695807629,0.05168736562870033,-0.44756155661906627,-0.32141347174806634
PFC036,1.2727272727272727,1.3636363636363635,1.2727272727272727,1.2727272727272727,1,1.2727272727272727,1.4545454545454546,1.3636363636363635,3.727272727272727,3.6363636363636362,3.727272727272727,3.727272727272727,4,3.727272727272727,3.6363636363636362,3.6363636363636362,1.2727272727272727,1.1818181818181819,1.1818181818181819,1.2727272727272727,1.2727272727272727,1.2727272727272727,1.3636363636363635,1.3636363636363635,-1.1853966619210947,-0.675175245079696,-1.7504157188565879,-0.5160567813262764,-0.8798662239128144,-1.6404784940039872,-1.7260790046803167,-1.7504157188565879,-0.3348481463898013,-0.34148378906843946,-0.28298517923711836,-0.010958173932446998,-0.2219846499226725,-0.002498349220577479,0.3238256749326997,-0.4926415377744659
PFC037,2.5454545454545454,3.090909090909091,1.8181818181818181,2.909090909090909,1.2727272727272727,2.3636363636363638,1.3636363636363635,2.727272727272727,2.090909090909091,2.909090909090909,2.909090909090909,1.9090909090909092,2.4545454545454546,2.3636363636363638,3.1818181818181817,2.090909090909091,3.727272727272727,3.727272727272727,4,3.727272727272727,4,3.4545454545454546,3.727272727272727,2.909090909090909,-0.2644579567019795,-0.13895195512316902,-0.3061884663090029,0.11494494413549722,-0.4522186480938088,-0.03866200815632636,-0.6063292755333058,0.05675229802832415,0.5805615123503195,0.4502272091651739,0.14077821200943058,0.30050556715486876,-0.28814635555251844,0.31527999874876395,-0.07249701825937063,0.4261889028881132
PFC038,2.272727272727273,2.090909090909091,2.6363636363636362,2.727272727272727,3,3,2.1818181818181817,2.1818181818181817,2.090909090909091,2,2.3636363636363638,2.272727272727273,2.727272727272727,3,2.1818181818181817,2.272727272727273,2.272727272727273,2.3636363636363638,2.8181818181818183,2.6363636363636362,3,3.1818181818181817,2.4545454545454546,2.5454545454545454,-0.2664344566830323,-0.22217796498995288,-0.4305543796109221,-0.22721525143622046,-0.902815243217841,-0.19492221576628693,-0.6964941302603702,-0.6037335991272301,0.1847894011889997,0.03733947327239449,0.021516689265879546,-0.11802545985082583,1.009367398269776,0.0015338686971787753,1.0301431053680117,0.2140971348151385
PFC039,2.5454545454545454,3.090909090909091,2.6363636363636362,3.4545454545454546,2.6363636363636362,3.1818181818181817,2.272727272727273,3.272727272727273,3,2.727272727272727,2.5454545454545454,1.9090909090909092,2.6363636363636362,1.5454545454545454,2.272727272727273,1.1818181818181819,2.727272727272727,3.727272727272727,2.909090909090909,3,3.272727272727273,2.727272727272727,2.4545454545454546,2.5454545454545454,-1.2675763091980652,-1.6080725870507566,-1.3692271591895002,-1.643179775139772,-0.5667032634457532,-1.7517834660936797,-1.4958938711710288,-1.7517834660936797,-0.29809275413803177,-0.434159366816979,-0.43927092091326236,-0.4952266092652279,-0.39085702300677616,-0.7285840873989388,-0.5273299181330456,-0.4784057976047383
PFC040,2,1.9090909090909092,2.5454545454545454,2.090909090909091,2.4545454545454546,2.272727272727273,2.727272727272727,2.272727272727273,1.7272727272727273,1.7272727272727273,2.272727272727273,2,2.1818181818181817,1.8181818181818181,1.9090909090909092,1.9090909090909092,2.090909090909091,1.9090909090909092,2.5454545454545454,2.090909090909091,2.4545454545454546,2.1818181818181817,2.6363636363636362,2.1818181818181817,1.2420294413277715,0.7295672034340914,1.542723274633452,0.31961470621000215,0.939365077228019,0.5198053474151166,0.27830353598169383,-0.09204558231257041,-0.08208124957783594,0.12238293857223986,0.14945331256529856,-0.08809518590091758,0.14385183983891062,-0.13395456111123727,0.2397722210983015,-0.016597474699168106
