# {'Language': 'Norwegian', 'Region': 'PFC', 'Participant': 'PFC028', 'Session': 'S1', 'Block': 'B3', 'date': '2023_Apr_02_1355', 'expName': 'FTRSGT_rTMS', 'frameRate': 59.938563495448264}
region,subj,block,trial,proberound,probetrial,time,stimulus,response
PFC,PFC028,B3,1,1,1,0.0003185999,stimulus,
PFC,PFC028,B3,1,1,1,0.2446046993,tap,rctrl
PFC,PFC028,B3,1,1,1,0.7085989993,tap,lctrl
PFC,PFC028,B3,2,1,2,0.7501067985,stimulus,
PFC,PFC028,B3,2,1,2,1.3806152996,tap,rctrl
PFC,PFC028,B3,3,1,3,1.5001314990,stimulus,
PFC,PFC028,B3,3,1,3,2.0845723990,tap,rctrl
PFC,PFC028,B3,4,1,4,2.2501570992,stimulus,
PFC,PFC028,B3,4,1,4,2.7406220995,tap,lctrl
PFC,PFC028,B3,5,1,5,3.0001794994,stimulus,
PFC,PFC028,B3,5,1,5,3.4286661986,tap,rctrl
PFC,PFC028,B3,6,1,6,3.7501871996,stimulus,
PFC,PFC028,B3,6,1,6,4.1646460984,tap,rctrl
PFC,PFC028,B3,7,1,7,4.5002039000,stimulus,
PFC,PFC028,B3,7,1,7,4.8525882997,tap,lctrl
PFC,PFC028,B3,8,1,8,5.2502243984,stimulus,
PFC,PFC028,B3,8,1,8,5.6205532998,tap,lctrl
PFC,PFC028,B3,9,1,9,6.0002339985,stimulus,
PFC,PFC028,B3,9,1,9,6.2286327984,tap,rctrl
PFC,PFC028,B3,10,1,10,6.7502466999,stimulus,
PFC,PFC028,B3,10,1,10,7.0126720984,tap,lctrl
PFC,PFC028,B3,11,1,11,7.5002691001,stimulus,
PFC,PFC028,B3,11,1,11,7.7966456991,tap,rctrl
PFC,PFC028,B3,12,1,12,8.2502785996,stimulus,
PFC,PFC028,B3,12,1,12,8.6766649000,tap,rctrl
PFC,PFC028,B3,13,1,13,9.0003161989,stimulus,
PFC,PFC028,B3,13,1,13,9.5725774989,tap,lctrl
PFC,PFC028,B3,14,1,14,9.7503046989,stimulus,
PFC,PFC028,B3,14,1,14,10.3085944001,tap,rctrl
PFC,PFC028,B3,15,1,15,10.5003327988,stimulus,
PFC,PFC028,B3,15,1,15,11.0605624989,tap,rctrl
PFC,PFC028,B3,16,1,16,11.2503402997,stimulus,
PFC,PFC028,B3,16,1,16,11.7966864984,tap,rctrl
PFC,PFC028,B3,17,1,17,12.0003547985,stimulus,
PFC,PFC028,B3,17,1,17,12.5005855002,tap,rctrl
PFC,PFC028,B3,18,1,18,12.7503720988,stimulus,
PFC,PFC028,B3,18,1,18,13.2526107989,tap,lctrl
PFC,PFC028,B3,19,1,19,13.5003999993,stimulus,
PFC,PFC028,B3,19,1,19,13.9406937994,tap,rctrl
PFC,PFC028,B3,20,1,20,14.2504065000,stimulus,
PFC,PFC028,B3,20,1,20,14.6765824985,tap,rctrl
PFC,PFC028,B3,21,1,21,15.0004156996,stimulus,
PFC,PFC028,B3,21,1,21,15.3805884998,tap,rctrl
PFC,PFC028,B3,22,1,22,15.7504318990,stimulus,
PFC,PFC028,B3,22,1,22,16.1646662001,tap,lctrl
PFC,PFC028,B3,23,1,23,16.5004421994,stimulus,
PFC,PFC028,B3,23,1,23,17.0926037990,tap,lctrl
PFC,PFC028,B3,24,1,24,17.2504650000,stimulus,
PFC,PFC028,B3,24,1,24,17.8125754986,tap,rctrl
PFC,PFC028,B3,25,1,25,18.0004670992,stimulus,
PFC,PFC028,B3,25,1,25,18.6126081999,tap,rctrl
PFC,PFC028,B3,26,1,26,18.7504838984,stimulus,
PFC,PFC028,B3,26,1,26,19.2526455000,tap,rctrl
PFC,PFC028,B3,27,1,27,19.5005100984,stimulus,
PFC,PFC028,B3,27,1,27,19.9726391993,tap,rctrl
PFC,PFC028,B3,28,1,28,20.2505236994,stimulus,
PFC,PFC028,B3,28,1,28,20.6125836987,tap,rctrl
PFC,PFC028,B3,29,1,29,21.0005428996,stimulus,
PFC,PFC028,B3,29,1,29,21.3646047991,tap,rctrl
PFC,PFC028,B3,30,1,30,21.7505590990,stimulus,
PFC,PFC028,B3,30,1,30,22.1166547984,tap,lctrl
PFC,PFC028,B3,31,1,31,22.5005803984,stimulus,
PFC,PFC028,B3,31,1,31,22.7725922987,tap,lctrl
PFC,PFC028,B3,32,1,32,23.2505891994,stimulus,
PFC,PFC028,B3,32,1,32,23.5245928001,tap,lctrl
PFC,PFC028,B3,33,1,33,24.0006034002,stimulus,
PFC,PFC028,B3,33,1,33,24.3566144984,tap,rctrl
PFC,PFC028,B3,34,1,34,24.7506186999,stimulus,
PFC,PFC028,B3,34,1,34,25.2206358984,tap,lctrl
PFC,PFC028,B3,35,1,35,25.5006366000,stimulus,
PFC,PFC028,B3,35,1,35,25.8606287986,tap,rctrl
PFC,PFC028,B3,36,1,36,26.2506540995,stimulus,
PFC,PFC028,B3,36,1,36,26.6926500984,tap,lctrl
PFC,PFC028,B3,37,1,37,27.0006606989,stimulus,
PFC,PFC028,B3,37,1,37,27.4286841992,tap,rctrl
PFC,PFC028,B3,38,1,38,27.7507162988,stimulus,
PFC,PFC028,B3,38,1,38,28.1486142986,tap,rctrl
PFC,PFC028,B3,39,1,39,28.5006977990,stimulus,
PFC,PFC028,B3,39,1,39,28.9326080997,tap,lctrl
PFC,PFC028,B3,40,1,40,29.2507216986,stimulus,
PFC,PFC028,B3,40,1,40,29.6205752995,tap,rctrl
PFC,PFC028,B3,41,1,41,30.0007310994,stimulus,
PFC,PFC028,B3,41,1,41,30.5965884998,tap,rctrl
PFC,PFC028,B3,42,1,42,30.7507454995,stimulus,
PFC,PFC028,B3,42,1,42,31.4285795987,tap,lctrl
PFC,PFC028,B3,43,1,43,31.5007600002,stimulus,
PFC,PFC028,B3,43,1,43,32.0846051984,tap,rctrl
PFC,PFC028,B3,44,1,44,32.2507743984,stimulus,
PFC,PFC028,B3,44,1,44,32.9486366995,tap,lctrl
PFC,PFC028,B3,45,1,45,33.0007913988,stimulus,
PFC,PFC028,B3,45,1,45,33.7165997997,tap,rctrl
PFC,PFC028,B3,46,1,46,33.7508068997,stimulus,
PFC,PFC028,B3,46,1,46,34.4366216995,tap,rctrl
PFC,PFC028,B3,47,1,47,34.5008333996,stimulus,
PFC,PFC028,B3,47,1,47,35.0926991999,tap,rctrl
PFC,PFC028,B3,48,1,48,35.2508448996,stimulus,
PFC,PFC028,B3,48,1,48,35.8126493990,tap,rctrl
PFC,PFC028,B3,49,1,49,36.0008563995,stimulus,
PFC,PFC028,B3,49,1,49,36.5645554997,tap,lctrl
PFC,PFC028,B3,50,1,50,36.7508710995,stimulus,
PFC,PFC028,B3,50,1,50,37.3486853000,tap,lctrl
PFC,PFC028,B3,51,1,51,37.5008934997,stimulus,
PFC,PFC028,B3,51,1,51,38.0046468992,tap,lctrl
PFC,PFC028,B3,52,1,52,38.2509054989,stimulus,
PFC,PFC028,B3,52,1,52,38.7726283986,tap,lctrl
PFC,PFC028,B3,53,1,53,39.0009067990,stimulus,
PFC,PFC028,B3,53,1,53,39.5245618988,tap,lctrl
PFC,PFC028,B3,54,1,54,39.7509217001,stimulus,
PFC,PFC028,B3,54,1,54,40.3085806984,tap,lctrl
PFC,PFC028,B3,55,1,55,40.5009428989,stimulus,
PFC,PFC028,B3,55,1,55,41.1086144000,tap,rctrl
PFC,PFC028,B3,56,1,56,41.2509480994,stimulus,
PFC,PFC028,B3,56,1,56,41.8606383987,tap,rctrl
PFC,PFC028,B3,57,1,57,42.0009608995,stimulus,
PFC,PFC028,B3,57,1,57,42.5326857995,tap,rctrl
PFC,PFC028,B3,58,1,58,42.7509765998,stimulus,
PFC,PFC028,B3,58,1,58,43.2046125997,tap,rctrl
PFC,PFC028,B3,59,1,59,43.5009987988,stimulus,
PFC,PFC028,B3,59,1,59,43.8446212001,tap,lctrl
PFC,PFC028,B3,60,1,60,44.2510109991,stimulus,
PFC,PFC028,B3,60,1,60,44.6125737000,tap,lctrl
PFC,PFC028,B3,61,1,61,45.0010246001,stimulus,
PFC,PFC028,B3,61,1,61,45.2846446000,tap,rctrl
PFC,PFC028,B3,62,1,62,45.7510524988,stimulus,
PFC,PFC028,B3,62,1,62,46.0366592985,tap,rctrl
PFC,PFC028,B3,63,1,62,51.3572335988,probe1,1
PFC,PFC028,B3,63,1,62,54.9774912000,probe2,3
PFC,PFC028,B3,63,1,62,58.4640301988,probe3,1
PFC,PFC028,B3,64,2,1,59.2317750994,stimulus,
PFC,PFC028,B3,64,2,1,59.2322848998,tap,rctrl
PFC,PFC028,B3,64,2,1,59.7646225002,tap,lctrl
PFC,PFC028,B3,65,2,2,59.9817439001,stimulus,
PFC,PFC028,B3,65,2,2,60.5644995999,tap,rctrl
PFC,PFC028,B3,66,2,3,60.7317535989,stimulus,
PFC,PFC028,B3,66,2,3,61.4126396999,tap,rctrl
PFC,PFC028,B3,67,2,4,61.4817721993,stimulus,
PFC,PFC028,B3,67,2,4,62.1326529998,tap,lctrl
PFC,PFC028,B3,68,2,5,62.2317985985,stimulus,
PFC,PFC028,B3,68,2,5,62.9326663986,tap,rctrl
PFC,PFC028,B3,69,2,6,62.9817980994,stimulus,
PFC,PFC028,B3,70,2,7,63.7318239994,stimulus,
PFC,PFC028,B3,70,2,7,63.7327526994,tap,lctrl
PFC,PFC028,B3,70,2,7,64.3885747995,tap,lctrl
PFC,PFC028,B3,71,2,8,64.4818394985,stimulus,
PFC,PFC028,B3,71,2,8,65.1086212993,tap,rctrl
PFC,PFC028,B3,72,2,9,65.2318636999,stimulus,
PFC,PFC028,B3,72,2,9,65.8925655000,tap,rctrl
PFC,PFC028,B3,73,2,10,65.9818613995,stimulus,
PFC,PFC028,B3,73,2,10,66.6606923994,tap,lctrl
PFC,PFC028,B3,74,2,11,66.7318897992,stimulus,
PFC,PFC028,B3,74,2,11,67.3326008990,tap,lctrl
PFC,PFC028,B3,75,2,12,67.4818923995,stimulus,
PFC,PFC028,B3,75,2,12,68.0845828988,tap,rctrl
PFC,PFC028,B3,76,2,13,68.2319091987,stimulus,
PFC,PFC028,B3,76,2,13,68.8366559986,tap,lctrl
PFC,PFC028,B3,77,2,14,68.9819379002,stimulus,
PFC,PFC028,B3,77,2,14,69.5245754998,tap,rctrl
PFC,PFC028,B3,78,2,15,69.7319462001,stimulus,
PFC,PFC028,B3,78,2,15,70.2766387984,tap,rctrl
PFC,PFC028,B3,79,2,16,70.4819619991,stimulus,
PFC,PFC028,B3,79,2,16,71.0606220998,tap,lctrl
PFC,PFC028,B3,80,2,17,71.2319789995,stimulus,
PFC,PFC028,B3,80,2,17,71.8605840988,tap,lctrl
PFC,PFC028,B3,81,2,18,71.9819887001,stimulus,
PFC,PFC028,B3,81,2,18,72.5965399984,tap,rctrl
PFC,PFC028,B3,82,2,19,72.7319994997,stimulus,
PFC,PFC028,B3,82,2,19,73.3165635988,tap,rctrl
PFC,PFC028,B3,83,2,20,73.4820085000,stimulus,
PFC,PFC028,B3,83,2,20,74.0366488993,tap,lctrl
PFC,PFC028,B3,84,2,21,74.2320361994,stimulus,
PFC,PFC028,B3,84,2,21,74.8045884985,tap,lctrl
PFC,PFC028,B3,85,2,22,74.9820419997,stimulus,
PFC,PFC028,B3,85,2,22,75.5245717987,tap,rctrl
PFC,PFC028,B3,86,2,23,75.7320576999,stimulus,
PFC,PFC028,B3,86,2,23,76.3086037990,tap,rctrl
PFC,PFC028,B3,87,2,24,76.4820722993,stimulus,
PFC,PFC028,B3,87,2,24,77.1086168997,tap,lctrl
PFC,PFC028,B3,88,2,25,77.2321182992,stimulus,
PFC,PFC028,B3,88,2,25,77.8606030997,tap,lctrl
PFC,PFC028,B3,89,2,26,77.9821159001,stimulus,
PFC,PFC028,B3,89,2,26,78.6765981000,tap,rctrl
PFC,PFC028,B3,90,2,27,78.7321166992,stimulus,
PFC,PFC028,B3,90,2,27,79.4126140997,tap,rctrl
PFC,PFC028,B3,91,2,28,79.4821309987,stimulus,
PFC,PFC028,B3,91,2,28,80.1485693995,tap,lctrl
PFC,PFC028,B3,92,2,29,80.2321499996,stimulus,
PFC,PFC028,B3,92,2,29,80.9165674988,tap,rctrl
PFC,PFC028,B3,93,2,30,80.9821585994,stimulus,
PFC,PFC028,B3,93,2,30,81.6526344996,tap,rctrl
PFC,PFC028,B3,94,2,31,81.7321724985,stimulus,
PFC,PFC028,B3,94,2,31,82.4046096001,tap,rctrl
PFC,PFC028,B3,95,2,32,82.4821951985,stimulus,
PFC,PFC028,B3,95,2,32,83.1406257991,tap,lctrl
PFC,PFC028,B3,96,2,33,83.2322233990,stimulus,
PFC,PFC028,B3,96,2,33,83.9085826986,tap,lctrl
PFC,PFC028,B3,97,2,34,83.9822280984,stimulus,
PFC,PFC028,B3,97,2,34,84.5966427997,tap,rctrl
PFC,PFC028,B3,98,2,35,84.7322544996,stimulus,
PFC,PFC028,B3,98,2,35,85.3805828989,tap,rctrl
PFC,PFC028,B3,99,2,36,85.4822638985,stimulus,
PFC,PFC028,B3,99,2,36,86.0845839996,tap,lctrl
PFC,PFC028,B3,100,2,37,86.2322785985,stimulus,
PFC,PFC028,B3,100,2,37,86.8525699992,tap,lctrl
PFC,PFC028,B3,101,2,38,86.9822913986,stimulus,
PFC,PFC028,B3,101,2,38,87.6686298996,tap,rctrl
PFC,PFC028,B3,102,2,39,87.7323265001,stimulus,
PFC,PFC028,B3,102,2,39,88.4365643989,tap,rctrl
PFC,PFC028,B3,103,2,40,88.4823319986,stimulus,
PFC,PFC028,B3,103,2,40,89.1405655984,tap,lctrl
PFC,PFC028,B3,104,2,41,89.2323390990,stimulus,
PFC,PFC028,B3,104,2,41,89.9566367995,tap,lctrl
PFC,PFC028,B3,105,2,42,89.9823499992,stimulus,
PFC,PFC028,B3,105,2,42,90.6447773986,tap,rctrl
PFC,PFC028,B3,106,2,43,90.7323815990,stimulus,
PFC,PFC028,B3,106,2,43,91.3486198001,tap,rctrl
PFC,PFC028,B3,107,2,44,91.4823911991,stimulus,
PFC,PFC028,B3,107,2,44,92.1165487990,tap,lctrl
PFC,PFC028,B3,108,2,45,92.2324076984,stimulus,
PFC,PFC028,B3,108,2,45,92.9006869998,tap,lctrl
PFC,PFC028,B3,109,2,46,92.9824147988,stimulus,
PFC,PFC028,B3,109,2,46,93.6365917996,tap,rctrl
PFC,PFC028,B3,110,2,47,93.7324254997,stimulus,
PFC,PFC028,B3,110,2,47,94.3885627985,tap,rctrl
PFC,PFC028,B3,111,2,48,94.4824503995,stimulus,
PFC,PFC028,B3,111,2,48,95.1245836988,tap,lctrl
PFC,PFC028,B3,112,2,49,95.2324700989,stimulus,
PFC,PFC028,B3,112,2,49,95.9725680985,tap,rctrl
PFC,PFC028,B3,113,2,50,95.9824620001,stimulus,
PFC,PFC028,B3,114,2,51,96.7324971985,stimulus,
PFC,PFC028,B3,114,2,51,96.7405887991,tap,rctrl
PFC,PFC028,B3,115,2,52,97.4825184997,stimulus,
PFC,PFC028,B3,115,2,52,97.5245996993,tap,lctrl
PFC,PFC028,B3,116,2,53,98.2325414997,stimulus,
PFC,PFC028,B3,116,2,53,98.2446062993,tap,rctrl
PFC,PFC028,B3,116,2,53,98.9806543998,tap,rctrl
PFC,PFC028,B3,117,2,54,98.9825436994,stimulus,
PFC,PFC028,B3,117,2,54,99.7326747999,tap,rctrl
PFC,PFC028,B3,118,2,55,99.7328479998,stimulus,
PFC,PFC028,B3,118,2,55,100.4687065985,tap,rctrl
PFC,PFC028,B3,119,2,56,100.4828642998,stimulus,
PFC,PFC028,B3,119,2,56,101.1726184990,tap,lctrl
PFC,PFC028,B3,120,2,57,101.2328928988,stimulus,
PFC,PFC028,B3,120,2,57,101.9246330988,tap,lctrl
PFC,PFC028,B3,121,2,58,101.9829027988,stimulus,
PFC,PFC028,B3,121,2,58,102.6926203985,tap,rctrl
PFC,PFC028,B3,122,2,59,102.7329104990,stimulus,
PFC,PFC028,B3,123,2,60,103.4829342999,stimulus,
PFC,PFC028,B3,123,2,60,103.5085867997,tap,rctrl
PFC,PFC028,B3,124,2,61,104.2329558991,stimulus,
PFC,PFC028,B3,124,2,61,104.2605302986,tap,lctrl
PFC,PFC028,B3,124,2,61,104.9486460984,tap,rctrl
PFC,PFC028,B3,125,2,62,104.9829529990,stimulus,
PFC,PFC028,B3,125,2,62,105.7165783998,tap,rctrl
PFC,PFC028,B3,126,2,63,105.7329711001,stimulus,
PFC,PFC028,B3,126,2,63,106.4525790997,tap,rctrl
PFC,PFC028,B3,127,2,64,106.4829870984,stimulus,
PFC,PFC028,B3,127,2,64,107.1885984987,tap,lctrl
PFC,PFC028,B3,128,2,65,107.2330031991,stimulus,
PFC,PFC028,B3,128,2,65,107.9405280985,tap,lctrl
PFC,PFC028,B3,129,2,66,107.9830203000,stimulus,
PFC,PFC028,B3,129,2,66,108.6606325991,tap,rctrl
PFC,PFC028,B3,130,2,67,108.7330411989,stimulus,
PFC,PFC028,B3,130,2,67,109.3645257000,tap,rctrl
PFC,PFC028,B3,131,2,68,109.4830559995,stimulus,
PFC,PFC028,B3,131,2,68,110.2286690995,tap,lctrl
PFC,PFC028,B3,132,2,69,110.2330596000,stimulus,
PFC,PFC028,B3,132,2,69,110.9325518999,tap,rctrl
PFC,PFC028,B3,133,2,70,110.9830863997,stimulus,
PFC,PFC028,B3,133,2,70,111.7325815987,tap,lctrl
PFC,PFC028,B3,134,2,71,111.7330898996,stimulus,
PFC,PFC028,B3,134,2,71,112.4525689986,tap,lctrl
PFC,PFC028,B3,135,2,72,112.4831086993,stimulus,
PFC,PFC028,B3,135,2,72,113.1886266991,tap,rctrl
PFC,PFC028,B3,136,2,73,113.2331290990,stimulus,
PFC,PFC028,B3,136,2,73,113.9085788000,tap,rctrl
PFC,PFC028,B3,137,2,74,113.9831427000,stimulus,
PFC,PFC028,B3,137,2,74,114.6606056988,tap,lctrl
PFC,PFC028,B3,138,2,75,114.7331449986,stimulus,
PFC,PFC028,B3,139,2,76,115.4831798002,stimulus,
PFC,PFC028,B3,139,2,76,115.5405724999,tap,lctrl
PFC,PFC028,B3,139,2,76,116.1806228999,tap,rctrl
PFC,PFC028,B3,140,2,77,116.2331879996,stimulus,
PFC,PFC028,B3,140,2,77,116.9486855995,tap,rctrl
PFC,PFC028,B3,141,2,78,116.9831943996,stimulus,
PFC,PFC028,B3,141,2,78,117.6845434997,tap,rctrl
PFC,PFC028,B3,142,2,79,117.7332123984,stimulus,
PFC,PFC028,B3,143,2,80,118.4832395986,stimulus,
PFC,PFC028,B3,143,2,80,118.5005846992,tap,rctrl
PFC,PFC028,B3,144,2,81,119.2332505994,stimulus,
PFC,PFC028,B3,144,2,81,119.2845750991,tap,rctrl
PFC,PFC028,B3,145,2,82,119.9832656998,stimulus,
PFC,PFC028,B3,145,2,82,120.0525652990,tap,lctrl
PFC,PFC028,B3,146,2,83,120.7332782988,stimulus,
PFC,PFC028,B3,146,2,83,120.7405902985,tap,lctrl
PFC,PFC028,B3,146,2,83,121.4126092996,tap,rctrl
PFC,PFC028,B3,147,2,84,121.4832788985,stimulus,
PFC,PFC028,B3,147,2,84,122.1165768001,tap,rctrl
PFC,PFC028,B3,148,2,85,122.2332998998,stimulus,
PFC,PFC028,B3,148,2,85,122.9486707989,tap,lctrl
PFC,PFC028,B3,149,2,86,122.9833105989,stimulus,
PFC,PFC028,B3,149,2,86,123.6525400989,tap,rctrl
PFC,PFC028,B3,150,2,86,128.8049956001,probe1,3
PFC,PFC028,B3,150,2,86,135.8432512991,probe2,2
PFC,PFC028,B3,150,2,86,140.3475094996,probe3,3
PFC,PFC028,B3,151,3,1,141.1154835001,stimulus,
PFC,PFC028,B3,151,3,1,141.1160201989,tap,rctrl
PFC,PFC028,B3,151,3,1,141.8286373001,tap,rctrl
PFC,PFC028,B3,152,3,2,141.8654471990,stimulus,
PFC,PFC028,B3,152,3,2,142.5165363997,tap,lctrl
PFC,PFC028,B3,153,3,3,142.6154739000,stimulus,
PFC,PFC028,B3,153,3,3,143.2685627993,tap,lctrl
PFC,PFC028,B3,154,3,4,143.3654764984,stimulus,
PFC,PFC028,B3,154,3,4,143.9406950995,tap,rctrl
PFC,PFC028,B3,155,3,5,144.1154985987,stimulus,
PFC,PFC028,B3,155,3,5,144.6765954997,tap,rctrl
PFC,PFC028,B3,156,3,6,144.8655182999,stimulus,
PFC,PFC028,B3,156,3,6,145.5565742999,tap,rctrl
PFC,PFC028,B3,157,3,7,145.6155193988,stimulus,
PFC,PFC028,B3,157,3,7,146.2606377993,tap,lctrl
PFC,PFC028,B3,158,3,8,146.3655428998,stimulus,
PFC,PFC028,B3,158,3,8,146.9806929994,tap,lctrl
PFC,PFC028,B3,159,3,9,147.1155588999,stimulus,
PFC,PFC028,B3,159,3,9,147.7486687992,tap,rctrl
PFC,PFC028,B3,160,3,10,147.8655894995,stimulus,
PFC,PFC028,B3,160,3,10,148.5326292999,tap,rctrl
PFC,PFC028,B3,161,3,11,148.6155822985,stimulus,
PFC,PFC028,B3,161,3,11,149.2685450986,tap,rctrl
PFC,PFC028,B3,162,3,12,149.3655956984,stimulus,
PFC,PFC028,B3,162,3,12,150.0526334997,tap,lctrl
PFC,PFC028,B3,163,3,13,150.1156120989,stimulus,
PFC,PFC028,B3,163,3,13,150.7565623000,tap,lctrl
PFC,PFC028,B3,164,3,14,150.8656306993,stimulus,
PFC,PFC028,B3,164,3,14,151.4446441997,tap,rctrl
PFC,PFC028,B3,165,3,15,151.6156623997,stimulus,
PFC,PFC028,B3,165,3,15,152.1965291984,tap,rctrl
PFC,PFC028,B3,166,3,16,152.3656586986,stimulus,
PFC,PFC028,B3,166,3,16,152.9326155987,tap,lctrl
PFC,PFC028,B3,167,3,17,153.1156794988,stimulus,
PFC,PFC028,B3,167,3,17,153.6365871001,tap,lctrl
PFC,PFC028,B3,168,3,18,153.8657016996,stimulus,
PFC,PFC028,B3,168,3,18,154.4365197998,tap,rctrl
PFC,PFC028,B3,169,3,19,154.6157126985,stimulus,
PFC,PFC028,B3,169,3,19,155.2205235995,tap,rctrl
PFC,PFC028,B3,170,3,20,155.3657249995,stimulus,
PFC,PFC028,B3,170,3,20,155.9566603992,tap,rctrl
PFC,PFC028,B3,171,3,21,156.1157404985,stimulus,
PFC,PFC028,B3,171,3,21,156.6445896998,tap,lctrl
PFC,PFC028,B3,172,3,22,156.8657586984,stimulus,
PFC,PFC028,B3,172,3,22,157.4286460001,tap,lctrl
PFC,PFC028,B3,173,3,23,157.6157637984,stimulus,
PFC,PFC028,B3,173,3,23,158.1486114990,tap,rctrl
PFC,PFC028,B3,174,3,24,158.3657839987,stimulus,
PFC,PFC028,B3,174,3,24,159.0126430988,tap,lctrl
PFC,PFC028,B3,175,3,25,159.1157977991,stimulus,
PFC,PFC028,B3,175,3,25,159.7485742997,tap,rctrl
PFC,PFC028,B3,176,3,26,159.8658089992,stimulus,
PFC,PFC028,B3,176,3,26,160.5166240986,tap,lctrl
PFC,PFC028,B3,177,3,27,160.6158165000,stimulus,
PFC,PFC028,B3,177,3,27,161.1885193996,tap,rctrl
PFC,PFC028,B3,178,3,28,161.3658358995,stimulus,
PFC,PFC028,B3,178,3,28,162.0366749000,tap,rctrl
PFC,PFC028,B3,179,3,29,162.1158670988,stimulus,
PFC,PFC028,B3,179,3,29,162.8205670994,tap,rctrl
PFC,PFC028,B3,180,3,30,162.8658724986,stimulus,
PFC,PFC028,B3,181,3,31,163.6158866994,stimulus,
PFC,PFC028,B3,181,3,31,163.6686071996,tap,rctrl
PFC,PFC028,B3,181,3,31,164.3085084986,tap,rctrl
PFC,PFC028,B3,182,3,32,164.3658897001,stimulus,
PFC,PFC028,B3,182,3,32,165.0285737999,tap,rctrl
PFC,PFC028,B3,183,3,33,165.1159169991,stimulus,
PFC,PFC028,B3,183,3,33,165.7326207999,tap,lctrl
PFC,PFC028,B3,184,3,34,165.8659367990,stimulus,
PFC,PFC028,B3,184,3,34,166.5325871985,tap,rctrl
PFC,PFC028,B3,185,3,35,166.6159345992,stimulus,
PFC,PFC028,B3,185,3,35,167.2845481988,tap,lctrl
PFC,PFC028,B3,186,3,36,167.3659546990,stimulus,
PFC,PFC028,B3,186,3,36,168.0525276996,tap,rctrl
PFC,PFC028,B3,187,3,37,168.1159803998,stimulus,
PFC,PFC028,B3,187,3,37,168.7246923000,tap,rctrl
PFC,PFC028,B3,188,3,38,168.8659990001,stimulus,
PFC,PFC028,B3,188,3,38,169.4925202001,tap,rctrl
PFC,PFC028,B3,189,3,39,169.6160100996,stimulus,
PFC,PFC028,B3,189,3,39,170.3405818995,tap,lctrl
PFC,PFC028,B3,190,3,40,170.3660138994,stimulus,
PFC,PFC028,B3,191,3,41,171.1160492990,stimulus,
PFC,PFC028,B3,191,3,41,171.1565597001,tap,lctrl
PFC,PFC028,B3,191,3,41,171.8445177991,tap,lctrl
PFC,PFC028,B3,192,3,42,171.8660454992,stimulus,
PFC,PFC028,B3,192,3,42,172.5485944990,tap,lctrl
PFC,PFC028,B3,193,3,43,172.6160912998,stimulus,
PFC,PFC028,B3,193,3,43,173.2046294995,tap,rctrl
PFC,PFC028,B3,194,3,44,173.3660952002,stimulus,
PFC,PFC028,B3,194,3,44,174.0525931995,tap,lctrl
PFC,PFC028,B3,195,3,45,174.1161039993,stimulus,
PFC,PFC028,B3,195,3,45,174.8206085991,tap,rctrl
PFC,PFC028,B3,196,3,46,174.8661170993,stimulus,
PFC,PFC028,B3,196,3,46,175.5565210991,tap,rctrl
PFC,PFC028,B3,197,3,47,175.6161195990,stimulus,
PFC,PFC028,B3,197,3,47,176.2606526986,tap,rctrl
PFC,PFC028,B3,198,3,48,176.3661332000,stimulus,
PFC,PFC028,B3,198,3,48,177.0445764996,tap,rctrl
PFC,PFC028,B3,199,3,49,177.1161544994,stimulus,
PFC,PFC028,B3,199,3,49,177.8445454985,tap,rctrl
PFC,PFC028,B3,200,3,50,177.8661572002,stimulus,
PFC,PFC028,B3,201,3,51,178.6161856987,stimulus,
PFC,PFC028,B3,201,3,51,178.6605490986,tap,lctrl
PFC,PFC028,B3,201,3,51,179.3325763997,tap,lctrl
PFC,PFC028,B3,202,3,52,179.3661889993,stimulus,
PFC,PFC028,B3,202,3,52,180.0526253991,tap,lctrl
PFC,PFC028,B3,203,3,53,180.1162124984,stimulus,
PFC,PFC028,B3,204,3,54,180.8662313987,stimulus,
PFC,PFC028,B3,204,3,54,180.8685735986,tap,lctrl
PFC,PFC028,B3,205,3,55,181.6162502989,stimulus,
PFC,PFC028,B3,205,3,55,181.6525737997,tap,lctrl
PFC,PFC028,B3,205,3,55,182.3405839000,tap,rctrl
PFC,PFC028,B3,206,3,56,182.3662524000,stimulus,
PFC,PFC028,B3,206,3,56,183.0926843993,tap,lctrl
PFC,PFC028,B3,207,3,57,183.1162882000,stimulus,
PFC,PFC028,B3,207,3,57,183.8445410989,tap,rctrl
PFC,PFC028,B3,208,3,58,183.8662793990,stimulus,
PFC,PFC028,B3,208,3,58,184.5485979989,tap,lctrl
PFC,PFC028,B3,209,3,59,184.6162883993,stimulus,
PFC,PFC028,B3,210,3,60,185.3663234990,stimulus,
PFC,PFC028,B3,210,3,60,185.3966012988,tap,rctrl
PFC,PFC028,B3,211,3,61,186.1163337994,stimulus,
PFC,PFC028,B3,211,3,61,186.1965961996,tap,rctrl
PFC,PFC028,B3,212,3,61,194.5238943994,probe1,2
PFC,PFC028,B3,212,3,61,198.5271883998,probe2,1
PFC,PFC028,B3,212,3,61,201.1295432989,probe3,0
PFC,PFC028,B3,213,4,1,201.8991067987,stimulus,
PFC,PFC028,B3,213,4,1,202.0365954991,tap,rctrl
PFC,PFC028,B3,214,4,2,202.6490047984,stimulus,
PFC,PFC028,B3,214,4,2,202.6605603993,tap,lctrl
PFC,PFC028,B3,215,4,3,203.3990234993,stimulus,
PFC,PFC028,B3,215,4,3,203.4445280991,tap,rctrl
PFC,PFC028,B3,216,4,4,204.1490295995,stimulus,
PFC,PFC028,B3,216,4,4,204.1805914994,tap,rctrl
PFC,PFC028,B3,217,4,5,204.8990633991,stimulus,
PFC,PFC028,B3,217,4,5,204.9006533995,tap,lctrl
PFC,PFC028,B3,217,4,5,205.6205885988,tap,lctrl
PFC,PFC028,B3,218,4,6,205.6490532998,stimulus,
PFC,PFC028,B3,218,4,6,206.2926078998,tap,rctrl
PFC,PFC028,B3,219,4,7,206.3990768995,stimulus,
PFC,PFC028,B3,219,4,7,207.0605832990,tap,rctrl
PFC,PFC028,B3,220,4,8,207.1490950994,stimulus,
PFC,PFC028,B3,220,4,8,207.7485282999,tap,lctrl
PFC,PFC028,B3,221,4,9,207.8991211988,stimulus,
PFC,PFC028,B3,221,4,9,208.5325851999,tap,rctrl
PFC,PFC028,B3,222,4,10,208.6491642985,stimulus,
PFC,PFC028,B3,222,4,10,209.2205598988,tap,lctrl
PFC,PFC028,B3,223,4,11,209.3991450984,stimulus,
PFC,PFC028,B3,223,4,11,209.9726253990,tap,lctrl
PFC,PFC028,B3,224,4,12,210.1491656993,stimulus,
PFC,PFC028,B3,224,4,12,210.7086192984,tap,lctrl
PFC,PFC028,B3,225,4,13,210.8991741985,stimulus,
PFC,PFC028,B3,225,4,13,211.5085760988,tap,rctrl
PFC,PFC028,B3,226,4,14,211.6491918992,stimulus,
PFC,PFC028,B3,226,4,14,212.3405559994,tap,rctrl
PFC,PFC028,B3,227,4,15,212.3992054984,stimulus,
PFC,PFC028,B3,227,4,15,212.9966010991,tap,rctrl
PFC,PFC028,B3,228,4,16,213.1492233984,stimulus,
PFC,PFC028,B3,228,4,16,213.6845656987,tap,lctrl
PFC,PFC028,B3,229,4,17,213.8992300984,stimulus,
PFC,PFC028,B3,229,4,17,214.5006041992,tap,rctrl
PFC,PFC028,B3,230,4,18,214.6492462996,stimulus,
PFC,PFC028,B3,230,4,18,215.2525926996,tap,rctrl
PFC,PFC028,B3,231,4,19,215.3992653992,stimulus,
PFC,PFC028,B3,231,4,19,215.9245679993,tap,rctrl
PFC,PFC028,B3,232,4,20,216.1492732000,stimulus,
PFC,PFC028,B3,232,4,20,216.8366203997,tap,rctrl
PFC,PFC028,B3,233,4,21,216.8992941994,stimulus,
PFC,PFC028,B3,233,4,21,217.5085431989,tap,rctrl
PFC,PFC028,B3,234,4,22,217.6493062992,stimulus,
PFC,PFC028,B3,234,4,22,218.2445652988,tap,lctrl
PFC,PFC028,B3,235,4,23,218.3993310984,stimulus,
PFC,PFC028,B3,235,4,23,218.9326492995,tap,lctrl
PFC,PFC028,B3,236,4,24,219.1493481994,stimulus,
PFC,PFC028,B3,236,4,24,219.7005470991,tap,rctrl
PFC,PFC028,B3,237,4,25,219.8993549999,stimulus,
PFC,PFC028,B3,237,4,25,220.4366117995,tap,rctrl
PFC,PFC028,B3,238,4,26,220.6493712999,stimulus,
PFC,PFC028,B3,238,4,26,221.1726183984,tap,lctrl
PFC,PFC028,B3,239,4,27,221.3993915990,stimulus,
PFC,PFC028,B3,239,4,27,221.8925236985,tap,lctrl
PFC,PFC028,B3,240,4,28,222.1494097002,stimulus,
PFC,PFC028,B3,240,4,28,222.6605652999,tap,rctrl
PFC,PFC028,B3,241,4,29,222.8994223997,stimulus,
PFC,PFC028,B3,241,4,29,223.4125039987,tap,rctrl
PFC,PFC028,B3,242,4,30,223.6494332999,stimulus,
PFC,PFC028,B3,242,4,30,224.2605920993,tap,rctrl
PFC,PFC028,B3,243,4,31,224.3994525000,stimulus,
PFC,PFC028,B3,243,4,31,224.9805197995,tap,rctrl
PFC,PFC028,B3,244,4,32,225.1494594999,stimulus,
PFC,PFC028,B3,244,4,32,225.7806070987,tap,rctrl
PFC,PFC028,B3,245,4,33,225.8994957991,stimulus,
PFC,PFC028,B3,245,4,33,226.5326048993,tap,rctrl
PFC,PFC028,B3,246,4,34,226.6494918987,stimulus,
PFC,PFC028,B3,246,4,34,227.3325733989,tap,rctrl
PFC,PFC028,B3,247,4,35,227.3994950000,stimulus,
PFC,PFC028,B3,248,4,36,228.1495249998,stimulus,
PFC,PFC028,B3,248,4,36,228.1965993997,tap,rctrl
PFC,PFC028,B3,248,4,36,228.7885890994,tap,rctrl
PFC,PFC028,B3,249,4,37,228.8995464984,stimulus,
PFC,PFC028,B3,249,4,37,229.4445497990,tap,rctrl
PFC,PFC028,B3,250,4,38,229.6495506987,stimulus,
PFC,PFC028,B3,250,4,38,230.2125594001,tap,rctrl
PFC,PFC028,B3,251,4,39,230.3995653000,stimulus,
PFC,PFC028,B3,251,4,39,230.9965897985,tap,lctrl
PFC,PFC028,B3,252,4,40,231.1495816000,stimulus,
PFC,PFC028,B3,252,4,40,231.7805776987,tap,lctrl
PFC,PFC028,B3,253,4,41,231.8995947987,stimulus,
PFC,PFC028,B3,253,4,41,232.5486212000,tap,lctrl
PFC,PFC028,B3,254,4,42,232.6495992001,stimulus,
PFC,PFC028,B3,254,4,42,233.2845513988,tap,lctrl
PFC,PFC028,B3,255,4,43,233.3996197991,stimulus,
PFC,PFC028,B3,255,4,43,234.0205474999,tap,rctrl
PFC,PFC028,B3,256,4,44,234.1496378984,stimulus,
PFC,PFC028,B3,256,4,44,234.8365575001,tap,rctrl
PFC,PFC028,B3,257,4,45,234.8996369001,stimulus,
PFC,PFC028,B3,257,4,45,235.5085469987,tap,rctrl
PFC,PFC028,B3,258,4,46,235.6496629994,stimulus,
PFC,PFC028,B3,258,4,46,236.2285874002,tap,lctrl
PFC,PFC028,B3,259,4,47,236.3996778000,stimulus,
PFC,PFC028,B3,259,4,47,237.0126121994,tap,lctrl
PFC,PFC028,B3,260,4,48,237.1496951990,stimulus,
PFC,PFC028,B3,260,4,48,237.7326051984,tap,rctrl
PFC,PFC028,B3,261,4,49,237.8997115996,stimulus,
PFC,PFC028,B3,261,4,49,238.4845584985,tap,lctrl
PFC,PFC028,B3,262,4,50,238.6497155987,stimulus,
PFC,PFC028,B3,262,4,50,239.2046057992,tap,rctrl
PFC,PFC028,B3,263,4,51,239.3997375984,stimulus,
PFC,PFC028,B3,263,4,51,240.0046785995,tap,lctrl
PFC,PFC028,B3,264,4,52,240.1497571990,stimulus,
PFC,PFC028,B3,264,4,52,240.7405327987,tap,rctrl
PFC,PFC028,B3,265,4,53,240.8997673988,stimulus,
PFC,PFC028,B3,265,4,53,241.4765583985,tap,lctrl
PFC,PFC028,B3,266,4,54,241.6497761998,stimulus,
PFC,PFC028,B3,266,4,54,242.2926568985,tap,rctrl
PFC,PFC028,B3,267,4,55,242.3997957986,stimulus,
PFC,PFC028,B3,267,4,55,243.0285511985,tap,rctrl
PFC,PFC028,B3,268,4,56,243.1498153992,stimulus,
PFC,PFC028,B3,268,4,56,243.8925414998,tap,rctrl
PFC,PFC028,B3,269,4,57,243.8998154998,stimulus,
PFC,PFC028,B3,269,4,57,244.5005479995,tap,rctrl
PFC,PFC028,B3,270,4,58,244.6498452984,stimulus,
PFC,PFC028,B3,270,4,58,245.2525279988,tap,lctrl
PFC,PFC028,B3,271,4,59,245.3998619001,stimulus,
PFC,PFC028,B3,271,4,59,245.9726364985,tap,rctrl
PFC,PFC028,B3,272,4,60,246.1498771999,stimulus,
PFC,PFC028,B3,272,4,60,246.7406081986,tap,rctrl
PFC,PFC028,B3,273,4,61,246.8999038991,stimulus,
PFC,PFC028,B3,273,4,61,247.5405956991,tap,rctrl
PFC,PFC028,B3,274,4,62,247.6499109995,stimulus,
PFC,PFC028,B3,274,4,62,248.3565152995,tap,rctrl
PFC,PFC028,B3,275,4,63,248.3999130987,stimulus,
PFC,PFC028,B3,275,4,63,249.0606020000,tap,rctrl
PFC,PFC028,B3,276,4,64,249.1499375999,stimulus,
PFC,PFC028,B3,276,4,64,249.7325889990,tap,rctrl
PFC,PFC028,B3,277,4,65,249.8999539986,stimulus,
PFC,PFC028,B3,277,4,65,250.4685394987,tap,lctrl
PFC,PFC028,B3,278,4,66,250.6499653999,stimulus,
PFC,PFC028,B3,278,4,66,251.2045450993,tap,lctrl
PFC,PFC028,B3,279,4,66,256.0076678991,probe1,1
PFC,PFC028,B3,279,4,66,260.1620405000,probe2,2
PFC,PFC028,B3,279,4,66,265.7661953997,probe3,1
PFC,PFC028,B3,280,5,1,266.5344195999,stimulus,
PFC,PFC028,B3,280,5,1,266.5352028999,tap,rctrl
PFC,PFC028,B3,280,5,1,267.1405958999,tap,lctrl
PFC,PFC028,B3,281,5,2,267.2842988987,stimulus,
PFC,PFC028,B3,281,5,2,267.9086162988,tap,lctrl
PFC,PFC028,B3,282,5,3,268.0343196988,stimulus,
PFC,PFC028,B3,282,5,3,268.7245129999,tap,rctrl
PFC,PFC028,B3,283,5,4,268.7843222991,stimulus,
PFC,PFC028,B3,283,5,4,269.4925374985,tap,rctrl
PFC,PFC028,B3,284,5,5,269.5343362000,stimulus,
PFC,PFC028,B3,284,5,5,270.1965670995,tap,rctrl
PFC,PFC028,B3,285,5,6,270.2843612991,stimulus,
PFC,PFC028,B3,285,5,6,270.9325602986,tap,rctrl
PFC,PFC028,B3,286,5,7,271.0343613997,stimulus,
PFC,PFC028,B3,286,5,7,271.6525814999,tap,lctrl
PFC,PFC028,B3,287,5,8,271.7843860984,stimulus,
PFC,PFC028,B3,287,5,8,272.2925172988,tap,rctrl
PFC,PFC028,B3,288,5,9,272.5344017986,stimulus,
PFC,PFC028,B3,288,5,9,273.0606231987,tap,lctrl
PFC,PFC028,B3,289,5,10,273.2844133992,stimulus,
PFC,PFC028,B3,289,5,10,273.8765960988,tap,rctrl
PFC,PFC028,B3,290,5,11,274.0344242994,stimulus,
PFC,PFC028,B3,290,5,11,274.6445416994,tap,rctrl
PFC,PFC028,B3,291,5,12,274.7844357993,stimulus,
PFC,PFC028,B3,291,5,12,275.3005928993,tap,lctrl
PFC,PFC028,B3,292,5,13,275.5344557986,stimulus,
PFC,PFC028,B3,292,5,13,276.1166452989,tap,lctrl
PFC,PFC028,B3,293,5,14,276.2844597995,stimulus,
PFC,PFC028,B3,293,5,14,276.8525614999,tap,rctrl
PFC,PFC028,B3,294,5,15,277.0344843995,stimulus,
PFC,PFC028,B3,294,5,15,277.5885245986,tap,rctrl
PFC,PFC028,B3,295,5,16,277.7844978999,stimulus,
PFC,PFC028,B3,295,5,16,278.2606010996,tap,lctrl
PFC,PFC028,B3,296,5,17,278.5345079992,stimulus,
PFC,PFC028,B3,296,5,17,279.0926495995,tap,lctrl
PFC,PFC028,B3,297,5,18,279.2845321000,stimulus,
PFC,PFC028,B3,297,5,18,279.7965446990,tap,rctrl
PFC,PFC028,B3,298,5,19,280.0345393997,stimulus,
PFC,PFC028,B3,298,5,19,280.6285367999,tap,rctrl
PFC,PFC028,B3,299,5,20,280.7845584992,stimulus,
PFC,PFC028,B3,299,5,20,281.3645718992,tap,lctrl
PFC,PFC028,B3,300,5,21,281.5345736984,stimulus,
PFC,PFC028,B3,300,5,21,282.1165173985,tap,rctrl
PFC,PFC028,B3,301,5,22,282.2845839001,stimulus,
PFC,PFC028,B3,301,5,22,282.8365543000,tap,rctrl
PFC,PFC028,B3,302,5,23,283.0345948990,stimulus,
PFC,PFC028,B3,302,5,23,283.6045727991,tap,rctrl
PFC,PFC028,B3,303,5,24,283.7846197002,stimulus,
PFC,PFC028,B3,303,5,24,284.4045691993,tap,rctrl
PFC,PFC028,B3,304,5,25,284.5346369985,stimulus,
PFC,PFC028,B3,304,5,25,285.1086160000,tap,rctrl
PFC,PFC028,B3,305,5,26,285.2846613992,stimulus,
PFC,PFC028,B3,305,5,26,285.8765344992,tap,lctrl
PFC,PFC028,B3,306,5,27,286.0346596986,stimulus,
PFC,PFC028,B3,306,5,27,286.6605647989,tap,lctrl
PFC,PFC028,B3,307,5,28,286.7846680991,stimulus,
PFC,PFC028,B3,307,5,28,287.3645866998,tap,rctrl
PFC,PFC028,B3,308,5,29,287.5346833002,stimulus,
PFC,PFC028,B3,308,5,29,288.0366390999,tap,rctrl
PFC,PFC028,B3,309,5,30,288.2847150993,stimulus,
PFC,PFC028,B3,309,5,30,288.8205848001,tap,rctrl
PFC,PFC028,B3,310,5,31,289.0347334985,stimulus,
PFC,PFC028,B3,310,5,31,289.5406208988,tap,rctrl
PFC,PFC028,B3,311,5,32,289.7847569995,stimulus,
PFC,PFC028,B3,311,5,32,290.2925451994,tap,rctrl
PFC,PFC028,B3,312,5,33,290.5347630996,stimulus,
PFC,PFC028,B3,312,5,33,291.0445997994,tap,lctrl
PFC,PFC028,B3,313,5,34,291.2847819999,stimulus,
PFC,PFC028,B3,313,5,34,291.8925368991,tap,rctrl
PFC,PFC028,B3,314,5,35,292.0347863995,stimulus,
PFC,PFC028,B3,314,5,35,292.6765751000,tap,lctrl
PFC,PFC028,B3,315,5,36,292.7848016992,stimulus,
PFC,PFC028,B3,315,5,36,293.4125266001,tap,lctrl
PFC,PFC028,B3,316,5,37,293.5348336995,stimulus,
PFC,PFC028,B3,316,5,37,294.1485709995,tap,rctrl
PFC,PFC028,B3,317,5,38,294.2848379984,stimulus,
PFC,PFC028,B3,317,5,38,294.8364926986,tap,rctrl
PFC,PFC028,B3,318,5,39,295.0348450001,stimulus,
PFC,PFC028,B3,318,5,39,295.6206080988,tap,rctrl
PFC,PFC028,B3,319,5,40,295.7848593984,stimulus,
PFC,PFC028,B3,319,5,40,296.3565547988,tap,rctrl
PFC,PFC028,B3,320,5,41,296.5348741990,stimulus,
PFC,PFC028,B3,320,5,41,296.9965888988,tap,rctrl
PFC,PFC028,B3,321,5,42,297.2848859001,stimulus,
PFC,PFC028,B3,321,5,42,297.7165475991,tap,lctrl
PFC,PFC028,B3,322,5,43,298.0348993000,stimulus,
PFC,PFC028,B3,322,5,43,298.5325623993,tap,lctrl
PFC,PFC028,B3,323,5,44,298.7849153988,stimulus,
PFC,PFC028,B3,323,5,44,299.3005410992,tap,rctrl
PFC,PFC028,B3,324,5,45,299.5349281002,stimulus,
PFC,PFC028,B3,324,5,45,300.0686513986,tap,rctrl
PFC,PFC028,B3,325,5,46,300.2849690001,stimulus,
PFC,PFC028,B3,325,5,46,300.8046191987,tap,lctrl
PFC,PFC028,B3,326,5,47,301.0349665992,stimulus,
PFC,PFC028,B3,326,5,47,301.5885961987,tap,lctrl
PFC,PFC028,B3,327,5,48,301.7849849984,stimulus,
PFC,PFC028,B3,327,5,48,302.3725632988,tap,rctrl
PFC,PFC028,B3,328,5,49,302.5349958986,stimulus,
PFC,PFC028,B3,328,5,49,303.1726470999,tap,rctrl
PFC,PFC028,B3,329,5,50,303.2850150988,stimulus,
PFC,PFC028,B3,329,5,50,303.9725485984,tap,rctrl
PFC,PFC028,B3,330,5,51,304.0350221992,stimulus,
PFC,PFC028,B3,330,5,51,304.6605505999,tap,rctrl
PFC,PFC028,B3,331,5,52,304.7850399986,stimulus,
PFC,PFC028,B3,331,5,52,305.3805301990,tap,rctrl
PFC,PFC028,B3,332,5,53,305.5350665990,stimulus,
PFC,PFC028,B3,332,5,53,306.0845869984,tap,lctrl
PFC,PFC028,B3,333,5,54,306.2850726992,stimulus,
PFC,PFC028,B3,333,5,54,306.9806279000,tap,lctrl
PFC,PFC028,B3,334,5,55,307.0350912996,stimulus,
PFC,PFC028,B3,334,5,55,307.7005278990,tap,lctrl
PFC,PFC028,B3,335,5,56,307.7851102985,stimulus,
PFC,PFC028,B3,335,5,56,308.3885226995,tap,rctrl
PFC,PFC028,B3,336,5,57,308.5351202991,stimulus,
PFC,PFC028,B3,336,5,57,309.1886088997,tap,lctrl
PFC,PFC028,B3,337,5,58,309.2851213999,stimulus,
PFC,PFC028,B3,337,5,58,309.8765075002,tap,rctrl
PFC,PFC028,B3,338,5,59,310.0351425987,stimulus,
PFC,PFC028,B3,338,5,59,310.7086049989,tap,rctrl
PFC,PFC028,B3,339,5,59,316.2069621999,probe1,2
PFC,PFC028,B3,339,5,59,319.7108250987,probe2,2
PFC,PFC028,B3,339,5,59,322.2465617992,probe3,1
PFC,PFC028,B3,340,6,1,323.0141236987,stimulus,
PFC,PFC028,B3,340,6,1,323.0154750999,tap,rctrl
PFC,PFC028,B3,340,6,1,323.6685777996,tap,lctrl
PFC,PFC028,B3,341,6,2,323.7639490999,stimulus,
PFC,PFC028,B3,341,6,2,324.3405526001,tap,lctrl
PFC,PFC028,B3,342,6,3,324.5139680989,stimulus,
PFC,PFC028,B3,342,6,3,325.0445475988,tap,rctrl
PFC,PFC028,B3,343,6,4,325.2639814001,stimulus,
PFC,PFC028,B3,343,6,4,325.7646083999,tap,rctrl
PFC,PFC028,B3,344,6,5,326.0139914993,stimulus,
PFC,PFC028,B3,344,6,5,326.5965570994,tap,lctrl
PFC,PFC028,B3,345,6,6,326.7640106995,stimulus,
PFC,PFC028,B3,345,6,6,327.3485073987,tap,rctrl
PFC,PFC028,B3,346,6,7,327.5140262991,stimulus,
PFC,PFC028,B3,346,6,7,328.1485508997,tap,rctrl
PFC,PFC028,B3,347,6,8,328.2640400995,stimulus,
PFC,PFC028,B3,347,6,8,328.8525581993,tap,lctrl
PFC,PFC028,B3,348,6,9,329.0140621997,stimulus,
PFC,PFC028,B3,348,6,9,329.5565435998,tap,lctrl
PFC,PFC028,B3,349,6,10,329.7640757989,stimulus,
PFC,PFC028,B3,349,6,10,330.3404883984,tap,rctrl
PFC,PFC028,B3,350,6,11,330.5140781999,stimulus,
PFC,PFC028,B3,350,6,11,331.0765863992,tap,rctrl
PFC,PFC028,B3,351,6,12,331.2640947998,stimulus,
PFC,PFC028,B3,351,6,12,331.8926227987,tap,rctrl
PFC,PFC028,B3,352,6,13,332.0141247995,stimulus,
PFC,PFC028,B3,352,6,13,332.6765813995,tap,lctrl
PFC,PFC028,B3,353,6,14,332.7641317993,stimulus,
PFC,PFC028,B3,353,6,14,333.4125379995,tap,lctrl
PFC,PFC028,B3,354,6,15,333.5141499992,stimulus,
PFC,PFC028,B3,354,6,15,334.2605430000,tap,lctrl
PFC,PFC028,B3,355,6,16,334.2641482987,stimulus,
PFC,PFC028,B3,355,6,16,334.8525820002,tap,rctrl
PFC,PFC028,B3,356,6,17,335.0141754989,stimulus,
PFC,PFC028,B3,356,6,17,335.6525688991,tap,lctrl
PFC,PFC028,B3,357,6,18,335.7642020993,stimulus,
PFC,PFC028,B3,357,6,18,336.3085889984,tap,rctrl
PFC,PFC028,B3,358,6,19,336.5142131988,stimulus,
PFC,PFC028,B3,358,6,19,337.1085818000,tap,rctrl
PFC,PFC028,B3,359,6,20,337.2642241996,stimulus,
PFC,PFC028,B3,359,6,20,337.8605047986,tap,lctrl
PFC,PFC028,B3,360,6,21,338.0142401997,stimulus,
PFC,PFC028,B3,360,6,21,338.5485423990,tap,lctrl
PFC,PFC028,B3,361,6,22,338.7642629985,stimulus,
PFC,PFC028,B3,361,6,22,339.2686055992,tap,rctrl
PFC,PFC028,B3,362,6,23,339.5142755993,stimulus,
PFC,PFC028,B3,362,6,23,340.0365033001,tap,rctrl
PFC,PFC028,B3,363,6,24,340.2642901987,stimulus,
PFC,PFC028,B3,363,6,24,340.8205875997,tap,lctrl
PFC,PFC028,B3,364,6,25,341.0143038984,stimulus,
PFC,PFC028,B3,364,6,25,341.5566104986,tap,rctrl
PFC,PFC028,B3,365,6,26,341.7643218990,stimulus,
PFC,PFC028,B3,365,6,26,342.3565573990,tap,lctrl
PFC,PFC028,B3,366,6,27,342.5143490992,stimulus,
PFC,PFC028,B3,366,6,27,343.0765432995,tap,lctrl
PFC,PFC028,B3,367,6,28,343.2643503994,stimulus,
PFC,PFC028,B3,367,6,28,343.8765783999,tap,rctrl
PFC,PFC028,B3,368,6,29,344.0143623985,stimulus,
PFC,PFC028,B3,368,6,29,344.6285686996,tap,rctrl
PFC,PFC028,B3,369,6,30,344.7643850986,stimulus,
PFC,PFC028,B3,369,6,30,345.4286508989,tap,rctrl
PFC,PFC028,B3,370,6,31,345.5143975988,stimulus,
PFC,PFC028,B3,370,6,31,346.2125678994,tap,rctrl
PFC,PFC028,B3,371,6,32,346.2644042987,stimulus,
PFC,PFC028,B3,371,6,32,346.9325066991,tap,rctrl
PFC,PFC028,B3,372,6,33,347.0144311991,stimulus,
PFC,PFC028,B3,372,6,33,347.6365476996,tap,rctrl
PFC,PFC028,B3,373,6,34,347.7646838985,stimulus,
PFC,PFC028,B3,373,6,34,348.4365518987,tap,rctrl
PFC,PFC028,B3,374,6,35,348.5146910995,stimulus,
PFC,PFC028,B3,374,6,35,349.1884982996,tap,rctrl
PFC,PFC028,B3,375,6,36,349.2647115998,stimulus,
PFC,PFC028,B3,375,6,36,349.9246084001,tap,rctrl
PFC,PFC028,B3,376,6,37,350.0147373993,stimulus,
PFC,PFC028,B3,376,6,37,350.5645700991,tap,lctrl
PFC,PFC028,B3,377,6,38,350.7647468001,stimulus,
PFC,PFC028,B3,377,6,38,351.4765050989,tap,lctrl
PFC,PFC028,B3,378,6,39,351.5147532988,stimulus,
PFC,PFC028,B3,378,6,39,352.1805419996,tap,rctrl
PFC,PFC028,B3,379,6,40,352.2647717986,stimulus,
PFC,PFC028,B3,379,6,40,352.9485521000,tap,lctrl
PFC,PFC028,B3,380,6,41,353.0147992000,stimulus,
PFC,PFC028,B3,380,6,41,353.6205525994,tap,rctrl
PFC,PFC028,B3,381,6,42,353.7648057994,stimulus,
PFC,PFC028,B3,381,6,42,354.3725713994,tap,rctrl
PFC,PFC028,B3,382,6,43,354.5148279984,stimulus,
PFC,PFC028,B3,382,6,43,355.0605930984,tap,lctrl
PFC,PFC028,B3,383,6,44,355.2648332994,stimulus,
PFC,PFC028,B3,383,6,44,355.8285344988,tap,lctrl
PFC,PFC028,B3,384,6,45,356.0148502998,stimulus,
PFC,PFC028,B3,384,6,45,356.5645284988,tap,rctrl
PFC,PFC028,B3,385,6,46,356.7648705002,stimulus,
PFC,PFC028,B3,385,6,46,357.3646506984,tap,rctrl
PFC,PFC028,B3,386,6,47,357.5148789994,stimulus,
PFC,PFC028,B3,386,6,47,358.1165477000,tap,lctrl
PFC,PFC028,B3,387,6,48,358.2648852002,stimulus,
PFC,PFC028,B3,387,6,48,358.9165808000,tap,lctrl
PFC,PFC028,B3,388,6,49,359.0148965996,stimulus,
PFC,PFC028,B3,388,6,49,359.7165561989,tap,rctrl
PFC,PFC028,B3,389,6,50,359.7649101987,stimulus,
PFC,PFC028,B3,389,6,50,360.5006051995,tap,rctrl
PFC,PFC028,B3,390,6,51,360.5149184000,stimulus,
PFC,PFC028,B3,391,6,52,361.2649475988,stimulus,
PFC,PFC028,B3,391,6,52,361.2685412988,tap,rctrl
PFC,PFC028,B3,391,6,52,362.0044987984,tap,lctrl
PFC,PFC028,B3,392,6,53,362.0149558000,stimulus,
PFC,PFC028,B3,392,6,53,362.7086520996,tap,lctrl
PFC,PFC028,B3,393,6,54,362.7649689000,stimulus,
PFC,PFC028,B3,393,6,54,363.4604946990,tap,rctrl
PFC,PFC028,B3,394,6,55,363.5149794985,stimulus,
PFC,PFC028,B3,394,6,55,364.1485474985,tap,rctrl
PFC,PFC028,B3,395,6,56,364.2650063001,stimulus,
PFC,PFC028,B3,396,6,57,365.0150232986,stimulus,
PFC,PFC028,B3,396,6,57,365.0285347998,tap,lctrl
PFC,PFC028,B3,396,6,57,365.7165508997,tap,lctrl
PFC,PFC028,B3,397,6,58,365.7650281992,stimulus,
PFC,PFC028,B3,397,6,58,366.4045765996,tap,rctrl
PFC,PFC028,B3,398,6,59,366.5150475986,stimulus,
PFC,PFC028,B3,398,6,59,367.2525713984,tap,rctrl
PFC,PFC028,B3,399,6,60,367.2650444992,stimulus,
PFC,PFC028,B3,399,6,60,367.9565543998,tap,lctrl
PFC,PFC028,B3,400,6,61,368.0150669999,stimulus,
PFC,PFC028,B3,400,6,61,368.6285231989,tap,rctrl
PFC,PFC028,B3,401,6,62,368.7650988996,stimulus,
PFC,PFC028,B3,402,6,63,369.5151062999,stimulus,
PFC,PFC028,B3,402,6,63,369.5405818000,tap,rctrl
PFC,PFC028,B3,402,6,63,370.2446117997,tap,rctrl
PFC,PFC028,B3,403,6,64,370.2651094999,stimulus,
PFC,PFC028,B3,403,6,64,370.9645464998,tap,lctrl
PFC,PFC028,B3,404,6,65,371.0151271001,stimulus,
PFC,PFC028,B3,404,6,65,371.7005796991,tap,lctrl
PFC,PFC028,B3,405,6,66,371.7651447002,stimulus,
PFC,PFC028,B3,405,6,66,372.3885980994,tap,rctrl
PFC,PFC028,B3,406,6,67,372.5151498988,stimulus,
PFC,PFC028,B3,406,6,67,373.1725805998,tap,rctrl
PFC,PFC028,B3,407,6,68,373.2651712000,stimulus,
PFC,PFC028,B3,407,6,68,373.9245422985,tap,lctrl
PFC,PFC028,B3,408,6,69,374.0151948985,stimulus,
PFC,PFC028,B3,408,6,69,374.6925962996,tap,lctrl
PFC,PFC028,B3,409,6,70,374.7652115989,stimulus,
PFC,PFC028,B3,409,6,70,375.4605164994,tap,rctrl
PFC,PFC028,B3,410,6,71,375.5152285993,stimulus,
PFC,PFC028,B3,410,6,71,376.1806213986,tap,rctrl
PFC,PFC028,B3,411,6,72,376.2652322985,stimulus,
PFC,PFC028,B3,411,6,72,376.9005723000,tap,lctrl
PFC,PFC028,B3,412,6,73,377.0152560994,stimulus,
PFC,PFC028,B3,412,6,73,377.6524872985,tap,rctrl
PFC,PFC028,B3,413,6,74,377.7652813997,stimulus,
PFC,PFC028,B3,414,6,75,378.5152950995,stimulus,
PFC,PFC028,B3,414,6,75,378.5324821994,tap,lctrl
PFC,PFC028,B3,414,6,75,379.2045197990,tap,rctrl
PFC,PFC028,B3,415,6,76,379.2653068993,stimulus,
PFC,PFC028,B3,415,6,76,379.9086083993,tap,lctrl
PFC,PFC028,B3,416,6,77,380.0153267998,stimulus,
PFC,PFC028,B3,416,6,77,380.6446345989,tap,rctrl
PFC,PFC028,B3,417,6,78,380.7653454989,stimulus,
PFC,PFC028,B3,417,6,78,381.4126413986,tap,rctrl
PFC,PFC028,B3,418,6,79,381.5153547991,stimulus,
PFC,PFC028,B3,418,6,79,382.1805130001,tap,rctrl
PFC,PFC028,B3,419,6,80,382.2653700989,stimulus,
PFC,PFC028,B3,419,6,80,382.9165195990,tap,rctrl
PFC,PFC028,B3,420,6,80,386.6486166995,probe1,3
PFC,PFC028,B3,420,6,80,391.3190479986,probe2,1
PFC,PFC028,B3,420,6,80,395.0224855002,probe3,3
PFC,PFC028,B3,421,7,1,395.7901361994,stimulus,
PFC,PFC028,B3,421,7,1,395.7907323986,tap,rctrl
PFC,PFC028,B3,421,7,1,396.3885476999,tap,lctrl
PFC,PFC028,B3,422,7,2,396.5400558989,stimulus,
PFC,PFC028,B3,422,7,2,397.1725990996,tap,rctrl
PFC,PFC028,B3,423,7,3,397.2900614999,stimulus,
PFC,PFC028,B3,423,7,3,397.9085751995,tap,rctrl
PFC,PFC028,B3,424,7,4,398.0400804989,stimulus,
PFC,PFC028,B3,424,7,4,398.7245674990,tap,rctrl
PFC,PFC028,B3,425,7,5,398.7901003994,stimulus,
PFC,PFC028,B3,425,7,5,399.4445342999,tap,rctrl
PFC,PFC028,B3,426,7,6,399.5401066002,stimulus,
PFC,PFC028,B3,427,7,7,400.2901213989,stimulus,
PFC,PFC028,B3,427,7,7,400.2925303001,tap,lctrl
PFC,PFC028,B3,427,7,7,400.9806896001,tap,lctrl
PFC,PFC028,B3,428,7,8,401.0401354991,stimulus,
PFC,PFC028,B3,428,7,8,401.7005322985,tap,rctrl
PFC,PFC028,B3,429,7,9,401.7901520990,stimulus,
PFC,PFC028,B3,429,7,9,402.4045396987,tap,rctrl
PFC,PFC028,B3,430,7,10,402.5401590988,stimulus,
PFC,PFC028,B3,430,7,10,403.1565469000,tap,lctrl
PFC,PFC028,B3,431,7,11,403.2901724987,stimulus,
PFC,PFC028,B3,431,7,11,403.9885230996,tap,lctrl
PFC,PFC028,B3,432,7,12,404.0401922986,stimulus,
PFC,PFC028,B3,432,7,12,404.7405971996,tap,rctrl
PFC,PFC028,B3,433,7,13,404.7901964001,stimulus,
PFC,PFC028,B3,433,7,13,405.4125509001,tap,lctrl
PFC,PFC028,B3,434,7,14,405.5402231999,stimulus,
PFC,PFC028,B3,434,7,14,406.1805854999,tap,rctrl
PFC,PFC028,B3,435,7,15,406.2902425993,stimulus,
PFC,PFC028,B3,435,7,15,406.8525795992,tap,rctrl
PFC,PFC028,B3,436,7,16,407.0402555987,stimulus,
PFC,PFC028,B3,436,7,16,407.5886421986,tap,lctrl
PFC,PFC028,B3,437,7,17,407.7902753986,stimulus,
PFC,PFC028,B3,437,7,17,408.3085897993,tap,lctrl
PFC,PFC028,B3,438,7,18,408.5402904991,stimulus,
PFC,PFC028,B3,438,7,18,408.9325640984,tap,rctrl
PFC,PFC028,B3,439,7,19,409.2903031986,stimulus,
PFC,PFC028,B3,439,7,19,409.7166056000,tap,rctrl
PFC,PFC028,B3,440,7,20,410.0403148998,stimulus,
PFC,PFC028,B3,440,7,20,410.4525590986,tap,lctrl
PFC,PFC028,B3,441,7,21,410.7903390992,stimulus,
PFC,PFC028,B3,441,7,21,411.2365902998,tap,lctrl
PFC,PFC028,B3,442,7,22,411.5403467994,stimulus,
PFC,PFC028,B3,442,7,22,411.9725154992,tap,rctrl
PFC,PFC028,B3,443,7,23,412.2903616987,stimulus,
PFC,PFC028,B3,443,7,23,412.6925890986,tap,rctrl
PFC,PFC028,B3,444,7,24,413.0403782986,stimulus,
PFC,PFC028,B3,444,7,24,413.5245816000,tap,lctrl
PFC,PFC028,B3,445,7,25,413.7903915998,stimulus,
PFC,PFC028,B3,445,7,25,414.2445459999,tap,lctrl
PFC,PFC028,B3,446,7,26,414.5404023994,stimulus,
PFC,PFC028,B3,446,7,26,415.0445440989,tap,rctrl
PFC,PFC028,B3,447,7,27,415.2904179990,stimulus,
PFC,PFC028,B3,447,7,27,415.8605343997,tap,rctrl
PFC,PFC028,B3,448,7,28,416.0404367000,stimulus,
PFC,PFC028,B3,448,7,28,416.5645848997,tap,lctrl
PFC,PFC028,B3,449,7,29,416.7904588990,stimulus,
PFC,PFC028,B3,449,7,29,417.3327103984,tap,lctrl
PFC,PFC028,B3,450,7,30,417.5404664986,stimulus,
PFC,PFC028,B3,450,7,30,418.1325687990,tap,rctrl
PFC,PFC028,B3,451,7,31,418.2904832996,stimulus,
PFC,PFC028,B3,451,7,31,418.8845562991,tap,rctrl
PFC,PFC028,B3,452,7,32,419.0404989999,stimulus,
PFC,PFC028,B3,452,7,32,419.6205940992,tap,lctrl
PFC,PFC028,B3,453,7,33,419.7905145995,stimulus,
PFC,PFC028,B3,453,7,33,420.3725195993,tap,lctrl
PFC,PFC028,B3,454,7,34,420.5405318998,stimulus,
PFC,PFC028,B3,454,7,34,421.1726456992,tap,rctrl
PFC,PFC028,B3,455,7,35,421.2905409988,stimulus,
PFC,PFC028,B3,455,7,35,421.8285187986,tap,rctrl
PFC,PFC028,B3,456,7,36,422.0405556988,stimulus,
PFC,PFC028,B3,456,7,36,422.5805799998,tap,lctrl
PFC,PFC028,B3,457,7,37,422.7905658986,stimulus,
PFC,PFC028,B3,457,7,37,423.3484951984,tap,lctrl
PFC,PFC028,B3,458,7,38,423.5405793991,stimulus,
PFC,PFC028,B3,458,7,38,424.1965418998,tap,rctrl
PFC,PFC028,B3,459,7,39,424.2905940991,stimulus,
PFC,PFC028,B3,459,7,39,424.9325382989,tap,rctrl
PFC,PFC028,B3,460,7,40,425.0406139996,stimulus,
PFC,PFC028,B3,460,7,40,425.5726481993,tap,rctrl
PFC,PFC028,B3,461,7,41,425.7906189989,stimulus,
PFC,PFC028,B3,461,7,41,426.2605712991,tap,rctrl
PFC,PFC028,B3,462,7,42,426.5406369995,stimulus,
PFC,PFC028,B3,462,7,42,426.9645289984,tap,lctrl
PFC,PFC028,B3,463,7,43,427.2906614002,stimulus,
PFC,PFC028,B3,463,7,43,427.8126014993,tap,lctrl
PFC,PFC028,B3,464,7,44,428.0406707991,stimulus,
PFC,PFC028,B3,464,7,44,428.5485490989,tap,rctrl
PFC,PFC028,B3,465,7,45,428.7906868998,stimulus,
PFC,PFC028,B3,465,7,45,429.2845111992,tap,rctrl
PFC,PFC028,B3,466,7,46,429.5406953990,stimulus,
PFC,PFC028,B3,466,7,46,430.0045841001,tap,lctrl
PFC,PFC028,B3,467,7,47,430.2907131985,stimulus,
PFC,PFC028,B3,467,7,47,430.8525453992,tap,lctrl
PFC,PFC028,B3,468,7,48,431.0407253988,stimulus,
PFC,PFC028,B3,468,7,48,431.7165294997,tap,rctrl
PFC,PFC028,B3,469,7,49,431.7907315996,stimulus,
PFC,PFC028,B3,469,7,49,432.3725632001,tap,rctrl
PFC,PFC028,B3,470,7,50,432.5407505985,stimulus,
PFC,PFC028,B3,470,7,50,433.1886553001,tap,lctrl
PFC,PFC028,B3,471,7,51,433.2907689996,stimulus,
PFC,PFC028,B3,471,7,51,433.9405767992,tap,lctrl
PFC,PFC028,B3,472,7,52,434.0407948997,stimulus,
PFC,PFC028,B3,472,7,52,434.6124903988,tap,lctrl
PFC,PFC028,B3,473,7,53,434.7908048984,stimulus,
PFC,PFC028,B3,473,7,53,435.4605144002,tap,rctrl
PFC,PFC028,B3,474,7,54,435.5408183988,stimulus,
PFC,PFC028,B3,474,7,54,436.2444923986,tap,rctrl
PFC,PFC028,B3,475,7,55,436.2908514999,stimulus,
PFC,PFC028,B3,475,7,55,436.8846170995,tap,rctrl
PFC,PFC028,B3,476,7,56,437.0408600997,stimulus,
PFC,PFC028,B3,476,7,56,437.5884807985,tap,rctrl
PFC,PFC028,B3,477,7,56,440.9096165989,probe1,0
PFC,PFC028,B3,477,7,56,445.9801252987,probe2,3
PFC,PFC028,B3,477,7,56,450.8346728999,probe3,1
PFC,PFC028,B3,478,8,1,451.6032906994,stimulus,
PFC,PFC028,B3,478,8,1,451.6039312985,tap,rctrl
PFC,PFC028,B3,478,8,1,452.1165893991,tap,rctrl
PFC,PFC028,B3,479,8,2,452.3532071002,stimulus,
PFC,PFC028,B3,479,8,2,452.9805385992,tap,lctrl
PFC,PFC028,B3,480,8,3,453.1032256000,stimulus,
PFC,PFC028,B3,480,8,3,453.7965735998,tap,lctrl
PFC,PFC028,B3,481,8,4,453.8532440998,stimulus,
PFC,PFC028,B3,481,8,4,454.5645284988,tap,rctrl
PFC,PFC028,B3,482,8,5,454.6032414995,stimulus,
PFC,PFC028,B3,482,8,5,455.1725177988,tap,rctrl
PFC,PFC028,B3,483,8,6,455.3532708995,stimulus,
PFC,PFC028,B3,483,8,6,455.8926538993,tap,lctrl
PFC,PFC028,B3,484,8,7,456.1032871995,stimulus,
PFC,PFC028,B3,484,8,7,456.6286386997,tap,rctrl
PFC,PFC028,B3,485,8,8,456.8533081990,stimulus,
PFC,PFC028,B3,485,8,8,457.4925074000,tap,rctrl
PFC,PFC028,B3,486,8,9,457.6033176985,stimulus,
PFC,PFC028,B3,486,8,9,458.2765745986,tap,lctrl
PFC,PFC028,B3,487,8,10,458.3533394001,stimulus,
PFC,PFC028,B3,487,8,10,458.9645536002,tap,lctrl
PFC,PFC028,B3,488,8,11,459.1033691000,stimulus,
PFC,PFC028,B3,488,8,11,459.5885620993,tap,lctrl
PFC,PFC028,B3,489,8,12,459.8533697985,stimulus,
PFC,PFC028,B3,489,8,12,460.3085690998,tap,rctrl
PFC,PFC028,B3,490,8,13,460.6033822000,stimulus,
PFC,PFC028,B3,490,8,13,461.0925541986,tap,rctrl
PFC,PFC028,B3,491,8,14,461.3533910997,stimulus,
PFC,PFC028,B3,491,8,14,461.7805841994,tap,rctrl
PFC,PFC028,B3,492,8,15,462.1034065001,stimulus,
PFC,PFC028,B3,492,8,15,462.4205133989,tap,lctrl
PFC,PFC028,B3,493,8,16,462.8534260001,stimulus,
PFC,PFC028,B3,493,8,16,463.1565744001,tap,lctrl
PFC,PFC028,B3,494,8,17,463.6034353990,stimulus,
PFC,PFC028,B3,494,8,17,463.8605304994,tap,rctrl
PFC,PFC028,B3,495,8,18,464.3534497991,stimulus,
PFC,PFC028,B3,495,8,18,464.6605571993,tap,rctrl
PFC,PFC028,B3,496,8,19,465.1034856997,stimulus,
PFC,PFC028,B3,496,8,19,465.3805443998,tap,rctrl
PFC,PFC028,B3,497,8,20,465.8534805998,stimulus,
PFC,PFC028,B3,497,8,20,466.1005323995,tap,rctrl
PFC,PFC028,B3,498,8,21,466.6034947000,stimulus,
PFC,PFC028,B3,498,8,21,466.8205726985,tap,lctrl
PFC,PFC028,B3,499,8,22,467.3535115998,stimulus,
PFC,PFC028,B3,499,8,22,467.6045529991,tap,rctrl
PFC,PFC028,B3,500,8,23,468.1035347991,stimulus,
PFC,PFC028,B3,500,8,23,468.3566199001,tap,lctrl
PFC,PFC028,B3,501,8,24,468.8535437994,stimulus,
PFC,PFC028,B3,501,8,24,469.1405352987,tap,rctrl
PFC,PFC028,B3,502,8,25,469.6035620999,stimulus,
PFC,PFC028,B3,502,8,25,469.8926430997,tap,rctrl
PFC,PFC028,B3,503,8,26,470.3535737991,stimulus,
PFC,PFC028,B3,503,8,26,470.6765553001,tap,rctrl
PFC,PFC028,B3,504,8,27,471.1035861988,stimulus,
PFC,PFC028,B3,504,8,27,471.4285074994,tap,rctrl
PFC,PFC028,B3,505,8,28,471.8536096998,stimulus,
PFC,PFC028,B3,505,8,28,472.2125496995,tap,lctrl
PFC,PFC028,B3,506,8,29,472.6036227997,stimulus,
PFC,PFC028,B3,506,8,29,472.9645195995,tap,rctrl
PFC,PFC028,B3,507,8,30,473.3536402993,stimulus,
PFC,PFC028,B3,507,8,30,473.7165101990,tap,lctrl
PFC,PFC028,B3,508,8,31,474.1036521997,stimulus,
PFC,PFC028,B3,508,8,31,474.4525047988,tap,lctrl
PFC,PFC028,B3,509,8,32,474.8536759987,stimulus,
PFC,PFC028,B3,509,8,32,475.1886622999,tap,rctrl
PFC,PFC028,B3,510,8,33,475.6036786996,stimulus,
PFC,PFC028,B3,510,8,33,475.8925764002,tap,rctrl
PFC,PFC028,B3,511,8,34,476.3537010998,stimulus,
PFC,PFC028,B3,511,8,34,476.5966058001,tap,rctrl
PFC,PFC028,B3,512,8,35,477.1037245002,stimulus,
PFC,PFC028,B3,512,8,35,477.2525119986,tap,rctrl
PFC,PFC028,B3,513,8,36,477.8537334986,stimulus,
PFC,PFC028,B3,513,8,36,478.0525511000,tap,lctrl
PFC,PFC028,B3,514,8,37,478.6037475988,stimulus,
PFC,PFC028,B3,514,8,37,478.7885639984,tap,lctrl
PFC,PFC028,B3,515,8,38,479.3537682984,stimulus,
PFC,PFC028,B3,515,8,38,479.6205107998,tap,rctrl
PFC,PFC028,B3,516,8,39,480.1037898995,stimulus,
PFC,PFC028,B3,516,8,39,480.3725903984,tap,rctrl
PFC,PFC028,B3,517,8,40,480.8538105991,stimulus,
PFC,PFC028,B3,517,8,40,481.1405027993,tap,lctrl
PFC,PFC028,B3,518,8,41,481.6038175002,stimulus,
PFC,PFC028,B3,518,8,41,481.8765008990,tap,lctrl
PFC,PFC028,B3,519,8,42,482.3538332991,stimulus,
PFC,PFC028,B3,519,8,42,482.6125288997,tap,rctrl
PFC,PFC028,B3,520,8,43,483.1038479991,stimulus,
PFC,PFC028,B3,520,8,43,483.2365128994,tap,rctrl
PFC,PFC028,B3,521,8,44,483.8538676985,stimulus,
PFC,PFC028,B3,521,8,44,484.1325538997,tap,rctrl
PFC,PFC028,B3,522,8,45,484.6038721986,stimulus,
PFC,PFC028,B3,522,8,45,484.8685281985,tap,lctrl
PFC,PFC028,B3,523,8,46,485.3538967986,stimulus,
PFC,PFC028,B3,523,8,46,485.6045100000,tap,rctrl
PFC,PFC028,B3,524,8,47,486.1039127987,stimulus,
PFC,PFC028,B3,524,8,47,486.3244924992,tap,lctrl
PFC,PFC028,B3,525,8,48,486.8539344985,stimulus,
PFC,PFC028,B3,525,8,48,487.1085425001,tap,rctrl
PFC,PFC028,B3,526,8,49,487.6039450988,stimulus,
PFC,PFC028,B3,526,8,49,487.8925051987,tap,rctrl
PFC,PFC028,B3,527,8,50,488.3539581988,stimulus,
PFC,PFC028,B3,527,8,50,488.6125018001,tap,rctrl
PFC,PFC028,B3,528,8,51,489.1039732993,stimulus,
PFC,PFC028,B3,528,8,51,489.3325025998,tap,rctrl
PFC,PFC028,B3,529,8,52,489.8539806996,stimulus,
PFC,PFC028,B3,529,8,52,490.1645582989,tap,lctrl
PFC,PFC028,B3,530,8,53,490.6039923001,stimulus,
PFC,PFC028,B3,530,8,53,490.8685732987,tap,rctrl
PFC,PFC028,B3,531,8,54,491.3540171999,stimulus,
PFC,PFC028,B3,531,8,54,491.6205573995,tap,lctrl
PFC,PFC028,B3,532,8,55,492.1040346995,stimulus,
PFC,PFC028,B3,532,8,55,492.4205554985,tap,rctrl
PFC,PFC028,B3,533,8,56,492.8540468998,stimulus,
PFC,PFC028,B3,533,8,56,493.1725389995,tap,rctrl
PFC,PFC028,B3,534,8,57,493.6040602997,stimulus,
PFC,PFC028,B3,534,8,57,493.9404859990,tap,rctrl
PFC,PFC028,B3,535,8,58,494.3540715985,stimulus,
PFC,PFC028,B3,535,8,58,494.6445426997,tap,rctrl
PFC,PFC028,B3,536,8,59,495.1040840000,stimulus,
PFC,PFC028,B3,536,8,59,495.3644640986,tap,rctrl
PFC,PFC028,B3,537,8,60,495.8541096002,stimulus,
PFC,PFC028,B3,537,8,60,496.1484675985,tap,rctrl
PFC,PFC028,B3,538,8,61,496.6041164994,stimulus,
PFC,PFC028,B3,538,8,61,496.7565016001,tap,rctrl
PFC,PFC028,B3,539,8,62,497.3541339990,stimulus,
PFC,PFC028,B3,539,8,62,497.7805042993,tap,lctrl
PFC,PFC028,B3,540,8,63,498.1041508000,stimulus,
PFC,PFC028,B3,540,8,63,498.5645265002,tap,lctrl
PFC,PFC028,B3,541,8,64,498.8541643992,stimulus,
PFC,PFC028,B3,541,8,64,499.3805752993,tap,rctrl
PFC,PFC028,B3,542,8,65,499.6041824985,stimulus,
PFC,PFC028,B3,542,8,65,500.1005626991,tap,lctrl
PFC,PFC028,B3,543,8,66,500.3541933987,stimulus,
PFC,PFC028,B3,543,8,66,500.7884343993,tap,lctrl
PFC,PFC028,B3,544,8,67,501.1042075995,stimulus,
PFC,PFC028,B3,544,8,67,501.4285539985,tap,lctrl
PFC,PFC028,B3,545,8,68,501.8542383984,stimulus,
PFC,PFC028,B3,545,8,68,502.1645866986,tap,lctrl
PFC,PFC028,B3,546,8,69,502.6042433996,stimulus,
PFC,PFC028,B3,546,8,69,502.9804854989,tap,lctrl
PFC,PFC028,B3,547,8,70,503.3542534988,stimulus,
PFC,PFC028,B3,547,8,70,503.7005131990,tap,rctrl
PFC,PFC028,B3,548,8,71,504.1042686999,stimulus,
PFC,PFC028,B3,548,8,71,504.3725846000,tap,rctrl
PFC,PFC028,B3,549,8,72,504.8542952985,stimulus,
PFC,PFC028,B3,549,8,72,505.1405312996,tap,rctrl
PFC,PFC028,B3,550,8,73,505.6043036990,stimulus,
PFC,PFC028,B3,550,8,73,505.8924821001,tap,rctrl
PFC,PFC028,B3,551,8,74,506.3543184996,stimulus,
PFC,PFC028,B3,551,8,74,506.6765402984,tap,lctrl
PFC,PFC028,B3,552,8,75,507.1043381002,stimulus,
PFC,PFC028,B3,552,8,75,507.3965285998,tap,rctrl
PFC,PFC028,B3,553,8,76,507.8543506991,stimulus,
PFC,PFC028,B3,553,8,76,508.1165181994,tap,lctrl
PFC,PFC028,B3,554,8,77,508.6043650992,stimulus,
PFC,PFC028,B3,554,8,77,508.9005076997,tap,lctrl
PFC,PFC028,B3,555,8,78,509.3543813992,stimulus,
PFC,PFC028,B3,555,8,78,509.6526768990,tap,rctrl
PFC,PFC028,B3,556,8,79,510.1044052001,stimulus,
PFC,PFC028,B3,556,8,79,510.3565356992,tap,rctrl
PFC,PFC028,B3,557,8,80,510.8544180989,stimulus,
PFC,PFC028,B3,557,8,80,511.1085048001,tap,lctrl
PFC,PFC028,B3,558,8,81,511.6044250987,stimulus,
PFC,PFC028,B3,558,8,81,511.9085053001,tap,lctrl
PFC,PFC028,B3,559,8,81,515.9037448987,probe1,0
PFC,PFC028,B3,559,8,81,520.9084976986,probe2,3
PFC,PFC028,B3,559,8,81,523.6122324001,probe3,0
PFC,PFC028,B3,560,9,1,524.3784477990,stimulus,
PFC,PFC028,B3,560,9,1,524.6125133988,tap,rctrl
PFC,PFC028,B3,560,9,1,525.0765681993,tap,lctrl
PFC,PFC028,B3,561,9,2,525.1283754986,stimulus,
PFC,PFC028,B3,561,9,2,525.7805534992,tap,rctrl
PFC,PFC028,B3,562,9,3,525.8784037996,stimulus,
PFC,PFC028,B3,562,9,3,526.6125550997,tap,rctrl
PFC,PFC028,B3,563,9,4,526.6284154002,stimulus,
PFC,PFC028,B3,564,9,5,527.3784352001,stimulus,
PFC,PFC028,B3,564,9,5,527.3964861985,tap,lctrl
PFC,PFC028,B3,565,9,6,528.1284516994,stimulus,
PFC,PFC028,B3,565,9,6,528.1645122990,tap,rctrl
PFC,PFC028,B3,566,9,7,528.8784655984,stimulus,
PFC,PFC028,B3,566,9,7,528.9004974999,tap,lctrl
PFC,PFC028,B3,566,9,7,529.6205095984,tap,rctrl
PFC,PFC028,B3,567,9,8,529.6284735985,stimulus,
PFC,PFC028,B3,567,9,8,530.2925423998,tap,lctrl
PFC,PFC028,B3,568,9,9,530.3784871995,stimulus,
PFC,PFC028,B3,568,9,9,531.0125744995,tap,rctrl
PFC,PFC028,B3,569,9,10,531.1285100002,stimulus,
PFC,PFC028,B3,569,9,10,531.7645126991,tap,rctrl
PFC,PFC028,B3,570,9,11,531.8785257991,stimulus,
PFC,PFC028,B3,570,9,11,532.4845105987,tap,rctrl
PFC,PFC028,B3,571,9,12,532.6285382994,stimulus,
PFC,PFC028,B3,571,9,12,533.2366026994,tap,lctrl
PFC,PFC028,B3,572,9,13,533.3785491996,stimulus,
PFC,PFC028,B3,572,9,13,534.0365001988,tap,lctrl
PFC,PFC028,B3,573,9,14,534.1285565998,stimulus,
PFC,PFC028,B3,573,9,14,534.7565334998,tap,rctrl
PFC,PFC028,B3,574,9,15,534.8785794992,stimulus,
PFC,PFC028,B3,574,9,15,535.4125656001,tap,rctrl
PFC,PFC028,B3,575,9,16,535.6286027990,stimulus,
PFC,PFC028,B3,575,9,16,536.1325176992,tap,lctrl
PFC,PFC028,B3,576,9,17,536.3786142990,stimulus,
PFC,PFC028,B3,576,9,17,536.8684650995,tap,lctrl
PFC,PFC028,B3,577,9,18,537.1286298987,stimulus,
PFC,PFC028,B3,577,9,18,537.5884937998,tap,rctrl
PFC,PFC028,B3,578,9,19,537.8786527999,stimulus,
PFC,PFC028,B3,578,9,19,538.2605019994,tap,rctrl
PFC,PFC028,B3,579,9,20,538.6286634989,stimulus,
PFC,PFC028,B3,579,9,20,539.1405144986,tap,rctrl
PFC,PFC028,B3,580,9,21,539.3786810990,stimulus,
PFC,PFC028,B3,580,9,21,539.7805594988,tap,rctrl
PFC,PFC028,B3,581,9,22,540.1286931001,stimulus,
PFC,PFC028,B3,581,9,22,540.5165727995,tap,rctrl
PFC,PFC028,B3,582,9,23,540.8787121996,stimulus,
PFC,PFC028,B3,582,9,23,541.2045044992,tap,lctrl
PFC,PFC028,B3,583,9,24,541.6287171990,stimulus,
PFC,PFC028,B3,583,9,24,542.0365928002,tap,lctrl
PFC,PFC028,B3,584,9,25,542.3787309993,stimulus,
PFC,PFC028,B3,584,9,25,542.8365803994,tap,lctrl
PFC,PFC028,B3,585,9,26,543.1287540998,stimulus,
PFC,PFC028,B3,585,9,26,543.6045257002,tap,rctrl
PFC,PFC028,B3,586,9,27,543.8787625991,stimulus,
PFC,PFC028,B3,586,9,27,544.4365769997,tap,rctrl
PFC,PFC028,B3,587,9,28,544.6287823990,stimulus,
PFC,PFC028,B3,587,9,28,545.1405179985,tap,lctrl
PFC,PFC028,B3,588,9,29,545.3787901998,stimulus,
PFC,PFC028,B3,588,9,29,545.7645439990,tap,lctrl
PFC,PFC028,B3,589,9,30,546.1288184002,stimulus,
PFC,PFC028,B3,589,9,30,546.4684927985,tap,rctrl
PFC,PFC028,B3,590,9,31,546.8788299002,stimulus,
PFC,PFC028,B3,590,9,31,547.1885529999,tap,lctrl
PFC,PFC028,B3,591,9,32,547.6288374998,stimulus,
PFC,PFC028,B3,591,9,32,547.9245702997,tap,rctrl
PFC,PFC028,B3,592,9,33,548.3788519986,stimulus,
PFC,PFC028,B3,592,9,33,548.6925060991,tap,rctrl
PFC,PFC028,B3,593,9,34,549.1288604997,stimulus,
PFC,PFC028,B3,593,9,34,549.4126329999,tap,rctrl
PFC,PFC028,B3,594,9,35,549.8788801990,stimulus,
PFC,PFC028,B3,594,9,35,550.2605399992,tap,rctrl
PFC,PFC028,B3,595,9,36,550.6288946997,stimulus,
PFC,PFC028,B3,595,9,36,551.1405019984,tap,lctrl
PFC,PFC028,B3,596,9,37,551.3789055999,stimulus,
PFC,PFC028,B3,596,9,37,552.0365395993,tap,lctrl
PFC,PFC028,B3,597,9,38,552.1289236993,stimulus,
PFC,PFC028,B3,597,9,38,552.7885560989,tap,rctrl
PFC,PFC028,B3,598,9,39,552.8789280988,stimulus,
PFC,PFC028,B3,598,9,39,553.5564901996,tap,rctrl
PFC,PFC028,B3,599,9,40,553.6289430987,stimulus,
PFC,PFC028,B3,599,9,40,554.2445339989,tap,rctrl
PFC,PFC028,B3,600,9,41,554.3789648991,stimulus,
PFC,PFC028,B3,600,9,41,554.9966243990,tap,rctrl
PFC,PFC028,B3,601,9,42,555.1289884988,stimulus,
PFC,PFC028,B3,601,9,42,555.7166320998,tap,rctrl
PFC,PFC028,B3,602,9,43,555.8790018000,stimulus,
PFC,PFC028,B3,602,9,43,556.4365522992,tap,rctrl
PFC,PFC028,B3,603,9,44,556.6290182993,stimulus,
PFC,PFC028,B3,603,9,44,557.1085841991,tap,lctrl
PFC,PFC028,B3,604,9,45,557.3790330999,stimulus,
PFC,PFC028,B3,604,9,45,557.7965275999,tap,lctrl
PFC,PFC028,B3,605,9,46,558.1290555000,stimulus,
PFC,PFC028,B3,605,9,46,558.5965890996,tap,lctrl
PFC,PFC028,B3,606,9,47,558.8790703993,stimulus,
PFC,PFC028,B3,606,9,47,559.3965655994,tap,rctrl
PFC,PFC028,B3,607,9,48,559.6290776990,stimulus,
PFC,PFC028,B3,607,9,48,560.1804999001,tap,rctrl
PFC,PFC028,B3,608,9,49,560.3790933993,stimulus,
PFC,PFC028,B3,608,9,49,560.9005576000,tap,rctrl
PFC,PFC028,B3,609,9,50,561.1291135997,stimulus,
PFC,PFC028,B3,609,9,50,561.5405251998,tap,rctrl
PFC,PFC028,B3,610,9,51,561.8791306000,stimulus,
PFC,PFC028,B3,610,9,51,562.1485200990,tap,rctrl
PFC,PFC028,B3,611,9,52,562.6291592997,stimulus,
PFC,PFC028,B3,611,9,52,562.8845306989,tap,rctrl
PFC,PFC028,B3,612,9,53,563.3791800998,stimulus,
PFC,PFC028,B3,612,9,53,563.4285239000,tap,rctrl
PFC,PFC028,B3,612,9,53,564.1004964989,tap,rctrl
PFC,PFC028,B3,613,9,54,564.1291860994,stimulus,
PFC,PFC028,B3,614,9,55,564.8792105000,stimulus,
PFC,PFC028,B3,614,9,55,565.3165342994,tap,lctrl
PFC,PFC028,B3,615,9,56,565.6292495001,stimulus,
PFC,PFC028,B3,615,9,56,566.0204748996,tap,lctrl
PFC,PFC028,B3,616,9,57,566.3792386986,stimulus,
PFC,PFC028,B3,616,9,57,566.9325807989,tap,lctrl
PFC,PFC028,B3,617,9,58,567.1292506997,stimulus,
PFC,PFC028,B3,617,9,58,567.4925170001,tap,rctrl
PFC,PFC028,B3,618,9,59,567.8792693000,stimulus,
PFC,PFC028,B3,618,9,59,568.2445052993,tap,rctrl
PFC,PFC028,B3,619,9,60,568.6292837001,stimulus,
PFC,PFC028,B3,619,9,60,569.2845628001,tap,rctrl
PFC,PFC028,B3,620,9,61,569.3792866990,stimulus,
PFC,PFC028,B3,620,9,61,569.9245619997,tap,rctrl
PFC,PFC028,B3,621,9,62,570.1293061990,stimulus,
PFC,PFC028,B3,621,9,62,570.5165638998,tap,rctrl
PFC,PFC028,B3,622,9,63,570.8793230001,stimulus,
PFC,PFC028,B3,622,9,63,571.4605401997,tap,lctrl
PFC,PFC028,B3,623,9,64,571.6293324996,stimulus,
PFC,PFC028,B3,623,9,64,572.0524923988,tap,rctrl
PFC,PFC028,B3,624,9,65,572.3793473989,stimulus,
PFC,PFC028,B3,624,9,65,572.7084768992,tap,rctrl
PFC,PFC028,B3,625,9,66,573.1293697990,stimulus,
PFC,PFC028,B3,625,9,66,573.4605183993,tap,lctrl
PFC,PFC028,B3,626,9,67,573.8793797996,stimulus,
PFC,PFC028,B3,626,9,67,574.1004924998,tap,rctrl
PFC,PFC028,B3,627,9,68,574.6293950994,stimulus,
PFC,PFC028,B3,627,9,68,575.1084546000,tap,rctrl
PFC,PFC028,B3,628,9,69,575.3794167992,stimulus,
PFC,PFC028,B3,628,9,69,575.9085454997,tap,lctrl
PFC,PFC028,B3,629,9,70,576.1294345986,stimulus,
PFC,PFC028,B3,629,9,70,576.6764894985,tap,rctrl
PFC,PFC028,B3,630,9,71,576.8794446997,stimulus,
PFC,PFC028,B3,630,9,71,577.3485135995,tap,lctrl
PFC,PFC028,B3,631,9,72,577.6294531990,stimulus,
PFC,PFC028,B3,631,9,72,577.9565640986,tap,rctrl
PFC,PFC028,B3,632,9,73,578.3794912994,stimulus,
PFC,PFC028,B3,632,9,73,578.6924756002,tap,rctrl
PFC,PFC028,B3,633,9,74,579.1295093987,stimulus,
PFC,PFC028,B3,633,9,74,579.5085719991,tap,lctrl
PFC,PFC028,B3,634,9,75,579.8795291986,stimulus,
PFC,PFC028,B3,634,9,75,580.1805675998,tap,rctrl
PFC,PFC028,B3,635,9,76,580.6295371000,stimulus,
PFC,PFC028,B3,635,9,76,580.9805285987,tap,lctrl
PFC,PFC028,B3,636,9,76,584.4111759998,probe1,0
PFC,PFC028,B3,636,9,76,587.7971446998,probe2,3
PFC,PFC028,B3,636,9,76,590.1322321985,probe3,0
PFC,PFC028,B3,637,10,1,590.9012370985,stimulus,
PFC,PFC028,B3,637,10,1,591.0445165988,tap,rctrl
PFC,PFC028,B3,637,10,1,591.6364886984,tap,lctrl
PFC,PFC028,B3,638,10,2,591.6511470992,stimulus,
PFC,PFC028,B3,639,10,3,592.4011792000,stimulus,
PFC,PFC028,B3,639,10,3,592.5006026998,tap,rctrl
PFC,PFC028,B3,640,10,4,593.1511969995,stimulus,
PFC,PFC028,B3,640,10,4,593.1565696001,tap,lctrl
PFC,PFC028,B3,641,10,5,593.9012112990,stimulus,
PFC,PFC028,B3,641,10,5,593.9244883992,tap,rctrl
PFC,PFC028,B3,642,10,6,594.6512253992,stimulus,
PFC,PFC028,B3,642,10,6,594.7085432000,tap,rctrl
PFC,PFC028,B3,642,10,6,595.3805531990,tap,rctrl
PFC,PFC028,B3,643,10,7,595.4012292996,stimulus,
PFC,PFC028,B3,643,10,7,596.0205067992,tap,lctrl
PFC,PFC028,B3,644,10,8,596.1512516998,stimulus,
PFC,PFC028,B3,644,10,8,596.8045554999,tap,rctrl
PFC,PFC028,B3,645,10,9,596.9012528993,stimulus,
PFC,PFC028,B3,645,10,9,597.5886025000,tap,lctrl
PFC,PFC028,B3,646,10,10,597.6512896996,stimulus,
PFC,PFC028,B3,646,10,10,598.3085436001,tap,rctrl
PFC,PFC028,B3,647,10,11,598.4012864996,stimulus,
PFC,PFC028,B3,647,10,11,599.0445259996,tap,rctrl
PFC,PFC028,B3,648,10,12,599.1513057984,stimulus,
PFC,PFC028,B3,648,10,12,599.7645084001,tap,lctrl
PFC,PFC028,B3,649,10,13,599.9013255984,stimulus,
PFC,PFC028,B3,649,10,13,600.5805655997,tap,lctrl
PFC,PFC028,B3,650,10,14,600.6513230000,stimulus,
PFC,PFC028,B3,650,10,14,601.3005582988,tap,rctrl
PFC,PFC028,B3,651,10,15,601.4013473000,stimulus,
PFC,PFC028,B3,651,10,15,602.0845925994,tap,rctrl
PFC,PFC028,B3,652,10,16,602.1513643991,stimulus,
PFC,PFC028,B3,652,10,16,602.8044716995,tap,rctrl
PFC,PFC028,B3,653,10,17,602.9013775997,stimulus,
PFC,PFC028,B3,653,10,17,603.5725048985,tap,lctrl
PFC,PFC028,B3,654,10,18,603.6513918992,stimulus,
PFC,PFC028,B3,655,10,19,604.4014161993,stimulus,
PFC,PFC028,B3,655,10,19,604.4206181001,tap,lctrl
PFC,PFC028,B3,655,10,19,605.1245169993,tap,lctrl
PFC,PFC028,B3,656,10,20,605.1514208987,stimulus,
PFC,PFC028,B3,656,10,20,605.8764715996,tap,rctrl
PFC,PFC028,B3,657,10,21,605.9014316984,stimulus,
PFC,PFC028,B3,657,10,21,606.5486038998,tap,rctrl
PFC,PFC028,B3,658,10,22,606.6514547002,stimulus,
PFC,PFC028,B3,658,10,22,607.3165826984,tap,rctrl
PFC,PFC028,B3,659,10,23,607.4014807995,stimulus,
PFC,PFC028,B3,659,10,23,608.0847006999,tap,rctrl
PFC,PFC028,B3,660,10,24,608.1515037995,stimulus,
PFC,PFC028,B3,660,10,24,608.8845740985,tap,rctrl
PFC,PFC028,B3,661,10,25,608.9014962986,stimulus,
PFC,PFC028,B3,661,10,25,609.5885525998,tap,rctrl
PFC,PFC028,B3,662,10,26,609.6515072994,stimulus,
PFC,PFC028,B3,662,10,26,610.3404923994,tap,lctrl
PFC,PFC028,B3,663,10,27,610.4015269987,stimulus,
PFC,PFC028,B3,663,10,27,611.0604860000,tap,lctrl
PFC,PFC028,B3,664,10,28,611.1515513994,stimulus,
PFC,PFC028,B3,664,10,28,611.8765900992,tap,rctrl
PFC,PFC028,B3,665,10,29,611.9015477002,stimulus,
PFC,PFC028,B3,665,10,29,612.6124594994,tap,rctrl
PFC,PFC028,B3,666,10,30,612.6515609995,stimulus,
PFC,PFC028,B3,666,10,30,613.3645373993,tap,rctrl
PFC,PFC028,B3,667,10,31,613.4015811998,stimulus,
PFC,PFC028,B3,667,10,31,614.1165958997,tap,rctrl
PFC,PFC028,B3,668,10,32,614.1515943985,stimulus,
PFC,PFC028,B3,668,10,32,614.8845406994,tap,rctrl
PFC,PFC028,B3,669,10,33,614.9016056992,stimulus,
PFC,PFC028,B3,669,10,33,615.6204962991,tap,rctrl
PFC,PFC028,B3,670,10,34,615.6516239997,stimulus,
PFC,PFC028,B3,671,10,35,616.4016461000,stimulus,
PFC,PFC028,B3,671,10,35,616.4205332994,tap,lctrl
PFC,PFC028,B3,671,10,35,617.1245676987,tap,lctrl
PFC,PFC028,B3,672,10,36,617.1516439002,stimulus,
PFC,PFC028,B3,672,10,36,617.8285089992,tap,rctrl
PFC,PFC028,B3,673,10,37,617.9016558994,stimulus,
PFC,PFC028,B3,673,10,37,618.5965555999,tap,rctrl
PFC,PFC028,B3,674,10,38,618.6517004985,stimulus,
PFC,PFC028,B3,674,10,38,619.3965453990,tap,lctrl
PFC,PFC028,B3,675,10,39,619.4016851988,stimulus,
PFC,PFC028,B3,675,10,39,620.1165387984,tap,rctrl
PFC,PFC028,B3,676,10,40,620.1517059002,stimulus,
PFC,PFC028,B3,676,10,40,620.9005242996,tap,rctrl
PFC,PFC028,B3,677,10,41,620.9017126989,stimulus,
PFC,PFC028,B3,677,10,41,621.6205003988,tap,rctrl
PFC,PFC028,B3,678,10,42,621.6517210994,stimulus,
PFC,PFC028,B3,678,10,42,622.3405131996,tap,rctrl
PFC,PFC028,B3,679,10,43,622.4017456993,stimulus,
PFC,PFC028,B3,679,10,43,623.0604924988,tap,rctrl
PFC,PFC028,B3,680,10,44,623.1517693996,stimulus,
PFC,PFC028,B3,680,10,44,623.8285139985,tap,lctrl
PFC,PFC028,B3,681,10,45,623.9017737992,stimulus,
PFC,PFC028,B3,681,10,45,624.5485546999,tap,lctrl
PFC,PFC028,B3,682,10,46,624.6517942995,stimulus,
PFC,PFC028,B3,682,10,46,625.3324921988,tap,rctrl
PFC,PFC028,B3,683,10,47,625.4018147998,stimulus,
PFC,PFC028,B3,683,10,47,626.0845592991,tap,rctrl
PFC,PFC028,B3,684,10,48,626.1518190987,stimulus,
PFC,PFC028,B3,684,10,48,626.9004898984,tap,lctrl
PFC,PFC028,B3,685,10,49,626.9018295985,stimulus,
PFC,PFC028,B3,685,10,49,627.5724920984,tap,rctrl
PFC,PFC028,B3,686,10,50,627.6518489998,stimulus,
PFC,PFC028,B3,687,10,51,628.4018753991,stimulus,
PFC,PFC028,B3,687,10,51,628.4364951998,tap,rctrl
PFC,PFC028,B3,688,10,52,629.1519051995,stimulus,
PFC,PFC028,B3,688,10,52,629.1565967984,tap,rctrl
PFC,PFC028,B3,688,10,52,629.8445266988,tap,rctrl
PFC,PFC028,B3,689,10,53,629.9019006994,stimulus,
PFC,PFC028,B3,689,10,53,630.6125379000,tap,rctrl
PFC,PFC028,B3,690,10,54,630.6519065984,stimulus,
PFC,PFC028,B3,690,10,54,631.3484863993,tap,rctrl
PFC,PFC028,B3,691,10,55,631.4019338991,stimulus,
PFC,PFC028,B3,691,10,55,632.1325122993,tap,rctrl
PFC,PFC028,B3,692,10,56,632.1519400999,stimulus,
PFC,PFC028,B3,692,10,56,632.8684625998,tap,rctrl
PFC,PFC028,B3,693,10,57,632.9019489996,stimulus,
PFC,PFC028,B3,693,10,57,633.5884881988,tap,rctrl
PFC,PFC028,B3,694,10,58,633.6519673001,stimulus,
PFC,PFC028,B3,694,10,58,634.3724568989,tap,rctrl
PFC,PFC028,B3,695,10,59,634.4019841999,stimulus,
PFC,PFC028,B3,695,10,59,635.1404994000,tap,lctrl
PFC,PFC028,B3,696,10,60,635.1519945990,stimulus,
PFC,PFC028,B3,697,10,61,635.9020182993,stimulus,
PFC,PFC028,B3,697,10,61,635.9566101991,tap,lctrl
PFC,PFC028,B3,698,10,62,636.6520328987,stimulus,
PFC,PFC028,B3,698,10,62,636.6605011001,tap,rctrl
PFC,PFC028,B3,699,10,63,637.4020513985,stimulus,
PFC,PFC028,B3,699,10,63,637.4284844995,tap,lctrl
PFC,PFC028,B3,699,10,63,638.1324975993,tap,rctrl
PFC,PFC028,B3,700,10,64,638.1520444993,stimulus,
PFC,PFC028,B3,700,10,64,638.8525219988,tap,lctrl
PFC,PFC028,B3,701,10,65,638.9020667002,stimulus,
PFC,PFC028,B3,701,10,65,639.5725126993,tap,rctrl
PFC,PFC028,B3,702,10,66,639.6520980000,stimulus,
PFC,PFC028,B3,703,10,67,640.4021082986,stimulus,
PFC,PFC028,B3,703,10,67,640.4045036994,tap,lctrl
PFC,PFC028,B3,703,10,67,641.0924883001,tap,rctrl
PFC,PFC028,B3,704,10,68,641.1521191001,stimulus,
PFC,PFC028,B3,704,10,68,641.8445065990,tap,lctrl
PFC,PFC028,B3,705,10,69,641.9021221995,stimulus,
PFC,PFC028,B3,705,10,69,642.6125194989,tap,rctrl
PFC,PFC028,B3,706,10,70,642.6521338001,stimulus,
PFC,PFC028,B3,707,10,71,643.4021590985,stimulus,
PFC,PFC028,B3,707,10,71,643.4285167996,tap,rctrl
PFC,PFC028,B3,708,10,72,644.1521774996,stimulus,
PFC,PFC028,B3,708,10,72,644.1646210998,tap,rctrl
PFC,PFC028,B3,709,10,73,644.9021891002,stimulus,
PFC,PFC028,B3,709,10,73,644.9164915998,tap,lctrl
PFC,PFC028,B3,710,10,74,645.6522065997,stimulus,
PFC,PFC028,B3,710,10,74,645.6524692997,tap,lctrl
PFC,PFC028,B3,711,10,75,646.4022269994,stimulus,
PFC,PFC028,B3,711,10,75,646.4524871986,tap,rctrl
PFC,PFC028,B3,711,10,75,647.1245291997,tap,rctrl
PFC,PFC028,B3,712,10,76,647.1522255000,stimulus,
PFC,PFC028,B3,712,10,76,647.8604962993,tap,lctrl
PFC,PFC028,B3,713,10,77,647.9022332001,stimulus,
PFC,PFC028,B3,713,10,77,648.6124915984,tap,lctrl
PFC,PFC028,B3,714,10,78,648.6522528995,stimulus,
PFC,PFC028,B3,714,10,78,649.3804416992,tap,rctrl
PFC,PFC028,B3,715,10,79,649.4022730999,stimulus,
PFC,PFC028,B3,715,10,79,650.0524802990,tap,lctrl
PFC,PFC028,B3,716,10,80,650.1523109991,stimulus,
PFC,PFC028,B3,716,10,80,650.8365086988,tap,rctrl
PFC,PFC028,B3,717,10,81,650.9023083989,stimulus,
PFC,PFC028,B3,717,10,81,651.5725327991,tap,rctrl
PFC,PFC028,B3,718,10,82,651.6523129996,stimulus,
PFC,PFC028,B3,718,10,82,652.3085140996,tap,lctrl
PFC,PFC028,B3,719,10,83,652.4023300987,stimulus,
PFC,PFC028,B3,719,10,83,652.9805892985,tap,lctrl
PFC,PFC028,B3,720,10,83,657.2371594999,probe1,1
PFC,PFC028,B3,720,10,83,660.3222146984,probe2,2
PFC,PFC028,B3,720,10,83,662.4255609997,probe3,1
PFC,PFC028,B3,721,11,1,663.1927556992,stimulus,
PFC,PFC028,B3,721,11,1,663.5885301996,tap,rctrl
PFC,PFC028,B3,722,11,2,663.9427057002,stimulus,
PFC,PFC028,B3,722,11,2,664.0365458000,tap,rctrl
PFC,PFC028,B3,722,11,2,664.6766120996,tap,lctrl
PFC,PFC028,B3,723,11,3,664.6927021984,stimulus,
PFC,PFC028,B3,724,11,4,665.4427364990,stimulus,
PFC,PFC028,B3,724,11,4,665.4604536984,tap,lctrl
PFC,PFC028,B3,725,11,5,666.1927495990,stimulus,
PFC,PFC028,B3,725,11,5,666.2445040997,tap,rctrl
PFC,PFC028,B3,725,11,5,666.9164782986,tap,rctrl
PFC,PFC028,B3,726,11,6,666.9427585993,stimulus,
PFC,PFC028,B3,726,11,6,667.6524860989,tap,lctrl
PFC,PFC028,B3,727,11,7,667.6927825995,stimulus,
PFC,PFC028,B3,727,11,7,668.4045773987,tap,rctrl
PFC,PFC028,B3,728,11,8,668.4427942988,stimulus,
PFC,PFC028,B3,728,11,8,669.1405015998,tap,lctrl
PFC,PFC028,B3,729,11,9,669.1928154994,stimulus,
PFC,PFC028,B3,729,11,9,669.8605138995,tap,rctrl
PFC,PFC028,B3,730,11,10,669.9428364988,stimulus,
PFC,PFC028,B3,730,11,10,670.5485060997,tap,rctrl
PFC,PFC028,B3,731,11,11,670.6928512994,stimulus,
PFC,PFC028,B3,731,11,11,671.3005011994,tap,rctrl
PFC,PFC028,B3,732,11,12,671.4428786002,stimulus,
PFC,PFC028,B3,732,11,12,672.0524863992,tap,lctrl
PFC,PFC028,B3,733,11,13,672.1928888001,stimulus,
PFC,PFC028,B3,733,11,13,672.8845185991,tap,lctrl
PFC,PFC028,B3,734,11,14,672.9428985994,stimulus,
PFC,PFC028,B3,734,11,14,673.6364792995,tap,rctrl
PFC,PFC028,B3,735,11,15,673.6929230001,stimulus,
PFC,PFC028,B3,735,11,15,674.3884430993,tap,lctrl
PFC,PFC028,B3,736,11,16,674.4429260995,stimulus,
PFC,PFC028,B3,736,11,16,675.0605405997,tap,lctrl
PFC,PFC028,B3,737,11,17,675.1929385997,stimulus,
PFC,PFC028,B3,737,11,17,675.8925427999,tap,lctrl
PFC,PFC028,B3,738,11,18,675.9429565985,stimulus,
PFC,PFC028,B3,739,11,19,676.6929791998,stimulus,
PFC,PFC028,B3,739,11,19,676.7405199986,tap,lctrl
PFC,PFC028,B3,739,11,19,677.2844802998,tap,lctrl
PFC,PFC028,B3,740,11,20,677.4429853000,stimulus,
PFC,PFC028,B3,740,11,20,678.1164943986,tap,lctrl
PFC,PFC028,B3,741,11,21,678.1929906998,stimulus,
PFC,PFC028,B3,741,11,21,678.9165313989,tap,lctrl
PFC,PFC028,B3,742,11,22,678.9430091996,stimulus,
PFC,PFC028,B3,742,11,22,679.6525579002,tap,rctrl
PFC,PFC028,B3,743,11,23,679.6930281986,stimulus,
PFC,PFC028,B3,743,11,23,680.3564847987,tap,rctrl
PFC,PFC028,B3,744,11,24,680.4430385996,stimulus,
PFC,PFC028,B3,745,11,25,681.1930666994,stimulus,
PFC,PFC028,B3,745,11,25,681.2205560990,tap,rctrl
PFC,PFC028,B3,745,11,25,681.8444710001,tap,rctrl
PFC,PFC028,B3,746,11,26,681.9430892002,stimulus,
PFC,PFC028,B3,746,11,26,682.6605062988,tap,rctrl
PFC,PFC028,B3,747,11,27,682.6930885985,stimulus,
PFC,PFC028,B3,747,11,27,683.3645246997,tap,rctrl
PFC,PFC028,B3,748,11,28,683.4431150984,stimulus,
PFC,PFC028,B3,748,11,28,684.1165014990,tap,rctrl
PFC,PFC028,B3,749,11,29,684.1931138989,stimulus,
PFC,PFC028,B3,749,11,29,684.7885494996,tap,rctrl
PFC,PFC028,B3,750,11,30,684.9431360997,stimulus,
PFC,PFC028,B3,750,11,30,685.6044812985,tap,rctrl
PFC,PFC028,B3,751,11,31,685.6931600999,stimulus,
PFC,PFC028,B3,751,11,31,686.2924996987,tap,rctrl
PFC,PFC028,B3,752,11,32,686.4431730993,stimulus,
PFC,PFC028,B3,752,11,32,687.0285302997,tap,rctrl
PFC,PFC028,B3,753,11,33,687.1931870990,stimulus,
PFC,PFC028,B3,753,11,33,687.7324767001,tap,lctrl
PFC,PFC028,B3,754,11,34,687.9431969002,stimulus,
PFC,PFC028,B3,754,11,34,688.5324694999,tap,lctrl
PFC,PFC028,B3,755,11,35,688.6932190992,stimulus,
PFC,PFC028,B3,755,11,35,689.2525423001,tap,rctrl
PFC,PFC028,B3,756,11,36,689.4432263989,stimulus,
PFC,PFC028,B3,756,11,36,690.1644856986,tap,rctrl
PFC,PFC028,B3,757,11,37,690.1932405997,stimulus,
PFC,PFC028,B3,757,11,37,690.8524202984,tap,rctrl
PFC,PFC028,B3,758,11,38,690.9432726000,stimulus,
PFC,PFC028,B3,759,11,39,691.6932827998,stimulus,
PFC,PFC028,B3,759,11,39,691.7004744988,tap,rctrl
PFC,PFC028,B3,760,11,40,692.4432950988,stimulus,
PFC,PFC028,B3,760,11,40,692.4524329994,tap,rctrl
PFC,PFC028,B3,760,11,40,693.1085006986,tap,rctrl
PFC,PFC028,B3,761,11,41,693.1932990998,stimulus,
PFC,PFC028,B3,761,11,41,693.8444924001,tap,lctrl
PFC,PFC028,B3,762,11,42,693.9433129001,stimulus,
PFC,PFC028,B3,763,11,43,694.6933349986,stimulus,
PFC,PFC028,B3,763,11,43,694.7565164994,tap,lctrl
PFC,PFC028,B3,763,11,43,695.4125381000,tap,rctrl
PFC,PFC028,B3,764,11,44,695.4433433991,stimulus,
PFC,PFC028,B3,764,11,44,696.0524994992,tap,lctrl
PFC,PFC028,B3,765,11,45,696.1933594998,stimulus,
PFC,PFC028,B3,765,11,45,696.7404971998,tap,rctrl
PFC,PFC028,B3,766,11,46,696.9433797002,stimulus,
PFC,PFC028,B3,767,11,47,697.6933948994,stimulus,
PFC,PFC028,B3,767,11,47,697.7005000990,tap,lctrl
PFC,PFC028,B3,767,11,47,698.3884795997,tap,lctrl
PFC,PFC028,B3,768,11,48,698.4434009995,stimulus,
PFC,PFC028,B3,769,11,49,699.1934334990,stimulus,
PFC,PFC028,B3,769,11,49,699.2844480984,tap,rctrl
PFC,PFC028,B3,769,11,49,699.9244734999,tap,lctrl
PFC,PFC028,B3,770,11,50,699.9434341993,stimulus,
PFC,PFC028,B3,770,11,50,700.6125098001,tap,rctrl
PFC,PFC028,B3,771,11,51,700.6934664994,stimulus,
PFC,PFC028,B3,771,11,51,701.3165037986,tap,lctrl
PFC,PFC028,B3,772,11,52,701.4434734993,stimulus,
PFC,PFC028,B3,772,11,52,702.1164751984,tap,rctrl
PFC,PFC028,B3,773,11,53,702.1934928987,stimulus,
PFC,PFC028,B3,773,11,53,702.7725412995,tap,rctrl
PFC,PFC028,B3,774,11,54,702.9435091987,stimulus,
PFC,PFC028,B3,774,11,54,703.5565909985,tap,lctrl
PFC,PFC028,B3,775,11,55,703.6935210992,stimulus,
PFC,PFC028,B3,775,11,55,704.3245077990,tap,lctrl
PFC,PFC028,B3,776,11,56,704.4435476996,stimulus,
PFC,PFC028,B3,776,11,56,705.0445527993,tap,rctrl
PFC,PFC028,B3,777,11,57,705.1935467999,stimulus,
PFC,PFC028,B3,777,11,57,705.8285641987,tap,rctrl
PFC,PFC028,B3,778,11,58,705.9435641989,stimulus,
PFC,PFC028,B3,778,11,58,706.5644411985,tap,rctrl
PFC,PFC028,B3,779,11,59,706.6935805995,stimulus,
PFC,PFC028,B3,779,11,59,707.2524512000,tap,rctrl
PFC,PFC028,B3,780,11,60,707.4435912985,stimulus,
PFC,PFC028,B3,780,11,60,707.9564836994,tap,lctrl
PFC,PFC028,B3,781,11,61,708.1936120987,stimulus,
PFC,PFC028,B3,781,11,61,708.7564840000,tap,lctrl
PFC,PFC028,B3,782,11,62,708.9436209984,stimulus,
PFC,PFC028,B3,782,11,62,709.4445302002,tap,rctrl
PFC,PFC028,B3,783,11,63,709.6936388984,stimulus,
PFC,PFC028,B3,783,11,63,710.1804737002,tap,rctrl
PFC,PFC028,B3,784,11,64,710.4436501991,stimulus,
PFC,PFC028,B3,784,11,64,710.8685368989,tap,lctrl
PFC,PFC028,B3,785,11,65,711.1936663985,stimulus,
PFC,PFC028,B3,785,11,65,711.5724917985,tap,lctrl
PFC,PFC028,B3,786,11,66,711.9436857998,stimulus,
PFC,PFC028,B3,786,11,66,712.3085458986,tap,rctrl
PFC,PFC028,B3,787,11,67,712.6936919987,stimulus,
PFC,PFC028,B3,787,11,67,713.0925382990,tap,lctrl
PFC,PFC028,B3,788,11,68,713.4437117986,stimulus,
PFC,PFC028,B3,788,11,68,713.7966887988,tap,rctrl
PFC,PFC028,B3,789,11,69,714.1937315986,stimulus,
PFC,PFC028,B3,789,11,69,714.6924441997,tap,rctrl
PFC,PFC028,B3,790,11,70,714.9437357001,stimulus,
PFC,PFC028,B3,790,11,70,715.4925256986,tap,rctrl
PFC,PFC028,B3,791,11,71,715.6937626991,stimulus,
PFC,PFC028,B3,791,11,71,716.3404668998,tap,rctrl
PFC,PFC028,B3,792,11,72,716.4437674992,stimulus,
PFC,PFC028,B3,792,11,72,717.0604621992,tap,lctrl
PFC,PFC028,B3,793,11,73,717.1937831994,stimulus,
PFC,PFC028,B3,793,11,73,717.8124901000,tap,lctrl
PFC,PFC028,B3,794,11,74,717.9438016992,stimulus,
PFC,PFC028,B3,794,11,74,718.6285180990,tap,rctrl
PFC,PFC028,B3,795,11,75,718.6938163992,stimulus,
PFC,PFC028,B3,795,11,75,719.2684825994,tap,rctrl
PFC,PFC028,B3,796,11,76,719.4438274987,stimulus,
PFC,PFC028,B3,796,11,76,719.9245683998,tap,lctrl
PFC,PFC028,B3,797,11,77,720.1938507985,stimulus,
PFC,PFC028,B3,797,11,77,720.7085324991,tap,lctrl
PFC,PFC028,B3,798,11,78,720.9438736998,stimulus,
PFC,PFC028,B3,798,11,78,721.6525329985,tap,rctrl
PFC,PFC028,B3,799,11,79,721.6938744001,stimulus,
PFC,PFC028,B3,800,11,79,728.0113611985,probe1,1
PFC,PFC028,B3,800,11,79,731.4975210987,probe2,3
PFC,PFC028,B3,800,11,79,733.9331518989,probe3,0
