# {'Language': 'English', 'Region': 'PFC', 'Participant': 'PFC037', 'Session': 'S2', 'Block': 'B3', 'date': '2023_Jan_20_1508', 'expName': 'FTRSGT_rTMS', 'frameRate': 59.94916283448322}
region,subj,block,trial,proberound,probetrial,time,stimulus,response
PFC,PFC037,B3,1,1,1,0.0001280000,stimulus,
PFC,PFC037,B3,1,1,1,0.3718301002,tap,right
PFC,PFC037,B3,2,1,2,0.7500983998,stimulus,
PFC,PFC037,B3,2,1,2,0.8198638000,tap,rctrl
PFC,PFC037,B3,3,1,3,1.5001074998,stimulus,
PFC,PFC037,B3,3,1,3,1.5557974000,tap,rctrl
PFC,PFC037,B3,4,1,4,2.2501204005,stimulus,
PFC,PFC037,B3,4,1,4,2.3238607999,tap,lctrl
PFC,PFC037,B3,5,1,5,3.0001404006,stimulus,
PFC,PFC037,B3,5,1,5,3.0918625006,tap,lctrl
PFC,PFC037,B3,5,1,5,3.6998517998,tap,rctrl
PFC,PFC037,B3,6,1,6,3.7501418004,stimulus,
PFC,PFC037,B3,6,1,6,4.4518427998,tap,lctrl
PFC,PFC037,B3,7,1,7,4.5001590000,stimulus,
PFC,PFC037,B3,7,1,7,5.2038866002,tap,rctrl
PFC,PFC037,B3,8,1,8,5.2501709005,stimulus,
PFC,PFC037,B3,8,1,8,5.9559343001,tap,rctrl
PFC,PFC037,B3,9,1,9,6.0001865998,stimulus,
PFC,PFC037,B3,9,1,9,6.6918222001,tap,lctrl
PFC,PFC037,B3,10,1,10,6.7502075005,stimulus,
PFC,PFC037,B3,10,1,10,7.3958533006,tap,lctrl
PFC,PFC037,B3,11,1,11,7.5002167998,stimulus,
PFC,PFC037,B3,11,1,11,8.0998373004,tap,lctrl
PFC,PFC037,B3,12,1,12,8.2502349000,stimulus,
PFC,PFC037,B3,12,1,12,8.9478521002,tap,rctrl
PFC,PFC037,B3,13,1,13,9.0002461001,stimulus,
PFC,PFC037,B3,14,1,14,9.7502618004,stimulus,
PFC,PFC037,B3,14,1,14,9.7798408000,tap,rctrl
PFC,PFC037,B3,15,1,15,10.5002762005,stimulus,
PFC,PFC037,B3,15,1,15,10.6278681001,tap,rctrl
PFC,PFC037,B3,16,1,16,11.2502926998,stimulus,
PFC,PFC037,B3,16,1,16,11.2518560002,tap,lctrl
PFC,PFC037,B3,16,1,16,11.8758813003,tap,lctrl
PFC,PFC037,B3,17,1,17,12.0003013005,stimulus,
PFC,PFC037,B3,17,1,17,12.7078478998,tap,rctrl
PFC,PFC037,B3,18,1,18,12.7503075004,stimulus,
PFC,PFC037,B3,18,1,18,13.3478863006,tap,rctrl
PFC,PFC037,B3,19,1,19,13.5003458001,stimulus,
PFC,PFC037,B3,19,1,19,14.1798483003,tap,lctrl
PFC,PFC037,B3,20,1,20,14.2503527999,stimulus,
PFC,PFC037,B3,20,1,20,14.9158342006,tap,rctrl
PFC,PFC037,B3,21,1,21,15.0003631003,stimulus,
PFC,PFC037,B3,21,1,21,15.6520135999,tap,lctrl
PFC,PFC037,B3,22,1,22,15.7503752001,stimulus,
PFC,PFC037,B3,22,1,22,16.3878539000,tap,lctrl
PFC,PFC037,B3,23,1,23,16.5003883000,stimulus,
PFC,PFC037,B3,23,1,23,17.1558352001,tap,rctrl
PFC,PFC037,B3,24,1,24,17.2504032999,stimulus,
PFC,PFC037,B3,24,1,24,17.9238354005,tap,rctrl
PFC,PFC037,B3,25,1,25,18.0004094997,stimulus,
PFC,PFC037,B3,25,1,25,18.7397993999,tap,rctrl
PFC,PFC037,B3,26,1,26,18.7504227003,stimulus,
PFC,PFC037,B3,27,1,27,19.5004467005,stimulus,
PFC,PFC037,B3,27,1,27,19.5078226998,tap,rctrl
PFC,PFC037,B3,27,1,27,20.1958400998,tap,lctrl
PFC,PFC037,B3,28,1,28,20.2504561003,stimulus,
PFC,PFC037,B3,28,1,28,20.8839220004,tap,rctrl
PFC,PFC037,B3,29,1,29,21.0004708003,stimulus,
PFC,PFC037,B3,29,1,29,21.6518608006,tap,lctrl
PFC,PFC037,B3,30,1,30,21.7504823003,stimulus,
PFC,PFC037,B3,30,1,30,22.3878318006,tap,lctrl
PFC,PFC037,B3,31,1,31,22.5004954003,stimulus,
PFC,PFC037,B3,31,1,31,23.1558662998,tap,lctrl
PFC,PFC037,B3,32,1,32,23.2505128002,stimulus,
PFC,PFC037,B3,32,1,32,23.9238660000,tap,rctrl
PFC,PFC037,B3,33,1,33,24.0005275002,stimulus,
PFC,PFC037,B3,33,1,33,24.6759887999,tap,rctrl
PFC,PFC037,B3,34,1,34,24.7505358001,stimulus,
PFC,PFC037,B3,34,1,34,25.4598380001,tap,rctrl
PFC,PFC037,B3,35,1,35,25.5005419999,stimulus,
PFC,PFC037,B3,35,1,35,26.1958511006,tap,lctrl
PFC,PFC037,B3,36,1,36,26.2505628997,stimulus,
PFC,PFC037,B3,36,1,36,26.8998477999,tap,lctrl
PFC,PFC037,B3,37,1,37,27.0005841004,stimulus,
PFC,PFC037,B3,37,1,37,27.6359309005,tap,lctrl
PFC,PFC037,B3,38,1,38,27.7505967999,stimulus,
PFC,PFC037,B3,38,1,38,28.4358093003,tap,rctrl
PFC,PFC037,B3,39,1,39,28.5005969005,stimulus,
PFC,PFC037,B3,39,1,39,29.1398296999,tap,rctrl
PFC,PFC037,B3,40,1,40,29.2506172005,stimulus,
PFC,PFC037,B3,40,1,40,29.8758021006,tap,rctrl
PFC,PFC037,B3,41,1,41,30.0006416002,stimulus,
PFC,PFC037,B3,41,1,41,30.6278464999,tap,lctrl
PFC,PFC037,B3,42,1,42,30.7506488999,stimulus,
PFC,PFC037,B3,42,1,42,31.3478573998,tap,rctrl
PFC,PFC037,B3,43,1,43,31.5006558001,stimulus,
PFC,PFC037,B3,43,1,43,32.1478427006,tap,lctrl
PFC,PFC037,B3,44,1,44,32.2506758003,stimulus,
PFC,PFC037,B3,44,1,44,32.8678095005,tap,rctrl
PFC,PFC037,B3,45,1,45,33.0006969003,stimulus,
PFC,PFC037,B3,45,1,45,33.6838648999,tap,lctrl
PFC,PFC037,B3,46,1,46,33.7506955005,stimulus,
PFC,PFC037,B3,46,1,46,34.4678372005,tap,lctrl
PFC,PFC037,B3,47,1,47,34.5007116003,stimulus,
PFC,PFC037,B3,47,1,47,35.2038270999,tap,rctrl
PFC,PFC037,B3,48,1,48,35.2507242998,stimulus,
PFC,PFC037,B3,48,1,48,35.9238359006,tap,rctrl
PFC,PFC037,B3,49,1,49,36.0007485002,stimulus,
PFC,PFC037,B3,49,1,49,36.7078571999,tap,lctrl
PFC,PFC037,B3,50,1,50,36.7507619001,stimulus,
PFC,PFC037,B3,50,1,50,37.4918619003,tap,lctrl
PFC,PFC037,B3,51,1,51,37.5007739002,stimulus,
PFC,PFC037,B3,51,1,51,38.1798852002,tap,rctrl
PFC,PFC037,B3,52,1,52,38.2507835003,stimulus,
PFC,PFC037,B3,52,1,52,38.9638304003,tap,rctrl
PFC,PFC037,B3,53,1,53,39.0007982003,stimulus,
PFC,PFC037,B3,53,1,53,39.7478478001,tap,lctrl
PFC,PFC037,B3,54,1,54,39.7508171005,stimulus,
PFC,PFC037,B3,54,1,54,40.4197936002,tap,lctrl
PFC,PFC037,B3,55,1,55,40.5008306000,stimulus,
PFC,PFC037,B3,55,1,55,41.1718888003,tap,rctrl
PFC,PFC037,B3,56,1,56,41.2508505005,stimulus,
PFC,PFC037,B3,56,1,56,41.9078230001,tap,rctrl
PFC,PFC037,B3,57,1,57,42.0008765003,stimulus,
PFC,PFC037,B3,57,1,57,42.5958424006,tap,lctrl
PFC,PFC037,B3,58,1,58,42.7508968003,stimulus,
PFC,PFC037,B3,58,1,58,43.3318789005,tap,lctrl
PFC,PFC037,B3,59,1,59,43.5009022998,stimulus,
PFC,PFC037,B3,59,1,59,44.0998565005,tap,lctrl
PFC,PFC037,B3,60,1,60,44.2509348001,stimulus,
PFC,PFC037,B3,60,1,60,44.8678641003,tap,rctrl
PFC,PFC037,B3,61,1,61,45.0009316998,stimulus,
PFC,PFC037,B3,61,1,61,45.5878518000,tap,rctrl
PFC,PFC037,B3,62,1,62,45.7509487998,stimulus,
PFC,PFC037,B3,62,1,62,46.3558874000,tap,rctrl
PFC,PFC037,B3,63,1,63,46.5009621000,stimulus,
PFC,PFC037,B3,63,1,63,47.1398446001,tap,lctrl
PFC,PFC037,B3,64,1,64,47.2509773001,stimulus,
PFC,PFC037,B3,64,1,64,47.8758200007,tap,lctrl
PFC,PFC037,B3,65,1,65,48.0009904001,stimulus,
PFC,PFC037,B3,65,1,65,48.5958983004,tap,lctrl
PFC,PFC037,B3,66,1,66,48.7510021003,stimulus,
PFC,PFC037,B3,66,1,66,49.4598249998,tap,rctrl
PFC,PFC037,B3,67,1,67,49.5010125004,stimulus,
PFC,PFC037,B3,67,1,67,50.1478574006,tap,rctrl
PFC,PFC037,B3,68,1,68,50.2510286001,stimulus,
PFC,PFC037,B3,68,1,68,50.9319003001,tap,rctrl
PFC,PFC037,B3,69,1,68,61.5822130004,probe1,2
PFC,PFC037,B3,69,1,68,66.5699952999,probe2,3
PFC,PFC037,B3,69,1,68,68.4218644006,probe3,0
PFC,PFC037,B3,70,2,1,69.1891253004,stimulus,
PFC,PFC037,B3,70,2,1,69.1896933001,tap,rctrl
PFC,PFC037,B3,70,2,1,69.8118734006,tap,lctrl
PFC,PFC037,B3,71,2,2,69.9390698997,stimulus,
PFC,PFC037,B3,71,2,2,70.6758399000,tap,lctrl
PFC,PFC037,B3,72,2,3,70.6890759999,stimulus,
PFC,PFC037,B3,72,2,3,71.3798104003,tap,lctrl
PFC,PFC037,B3,73,2,4,71.4391026003,stimulus,
PFC,PFC037,B3,73,2,4,72.1158560999,tap,lctrl
PFC,PFC037,B3,74,2,5,72.1891147001,stimulus,
PFC,PFC037,B3,74,2,5,72.8998531001,tap,rctrl
PFC,PFC037,B3,75,2,6,72.9391307002,stimulus,
PFC,PFC037,B3,75,2,6,73.6039252002,tap,rctrl
PFC,PFC037,B3,76,2,7,73.6891478002,stimulus,
PFC,PFC037,B3,76,2,7,74.4358560005,tap,rctrl
PFC,PFC037,B3,77,2,8,74.4391574999,stimulus,
PFC,PFC037,B3,77,2,8,75.1398338005,tap,lctrl
PFC,PFC037,B3,78,2,9,75.1891758004,stimulus,
PFC,PFC037,B3,78,2,9,75.8278473001,tap,lctrl
PFC,PFC037,B3,79,2,10,75.9391859006,stimulus,
PFC,PFC037,B3,79,2,10,76.6118295006,tap,rctrl
PFC,PFC037,B3,80,2,11,76.6891977005,stimulus,
PFC,PFC037,B3,80,2,11,77.3798302999,tap,rctrl
PFC,PFC037,B3,81,2,12,77.4392133998,stimulus,
PFC,PFC037,B3,82,2,13,78.1892387997,stimulus,
PFC,PFC037,B3,82,2,13,78.2438206002,tap,lctrl
PFC,PFC037,B3,82,2,13,78.8678935003,tap,lctrl
PFC,PFC037,B3,83,2,14,78.9392391006,stimulus,
PFC,PFC037,B3,83,2,14,79.6358705005,tap,lctrl
PFC,PFC037,B3,84,2,15,79.6892600004,stimulus,
PFC,PFC037,B3,84,2,15,80.3239178006,tap,rctrl
PFC,PFC037,B3,85,2,16,80.4392814003,stimulus,
PFC,PFC037,B3,85,2,16,81.0918517997,tap,rctrl
PFC,PFC037,B3,86,2,17,81.1892961999,stimulus,
PFC,PFC037,B3,86,2,17,81.8758447003,tap,rctrl
PFC,PFC037,B3,87,2,18,81.9392996002,stimulus,
PFC,PFC037,B3,87,2,18,82.5958561003,tap,rctrl
PFC,PFC037,B3,88,2,19,82.6893142005,stimulus,
PFC,PFC037,B3,88,2,19,83.3637947999,tap,lctrl
PFC,PFC037,B3,89,2,20,83.4393357998,stimulus,
PFC,PFC037,B3,89,2,20,84.0838430999,tap,lctrl
PFC,PFC037,B3,90,2,21,84.1893453998,stimulus,
PFC,PFC037,B3,90,2,21,84.8198695006,tap,lctrl
PFC,PFC037,B3,91,2,22,84.9393598000,stimulus,
PFC,PFC037,B3,91,2,22,85.6359425001,tap,rctrl
PFC,PFC037,B3,92,2,23,85.6893763999,stimulus,
PFC,PFC037,B3,92,2,23,86.3558670999,tap,rctrl
PFC,PFC037,B3,93,2,24,86.4393913001,stimulus,
PFC,PFC037,B3,93,2,24,87.0758685004,tap,rctrl
PFC,PFC037,B3,94,2,25,87.1894129999,stimulus,
PFC,PFC037,B3,95,2,26,87.9394267006,stimulus,
PFC,PFC037,B3,95,2,26,87.9878268000,tap,lctrl
PFC,PFC037,B3,95,2,26,88.6598861003,tap,lctrl
PFC,PFC037,B3,96,2,27,88.6894355007,stimulus,
PFC,PFC037,B3,96,2,27,89.4117865004,tap,lctrl
PFC,PFC037,B3,97,2,28,89.4394481005,stimulus,
PFC,PFC037,B3,97,2,28,90.0998111004,tap,lctrl
PFC,PFC037,B3,98,2,29,90.1894716006,stimulus,
PFC,PFC037,B3,98,2,29,90.8198862998,tap,lctrl
PFC,PFC037,B3,99,2,30,90.9394898005,stimulus,
PFC,PFC037,B3,99,2,30,91.5719050001,tap,rctrl
PFC,PFC037,B3,100,2,31,91.6895037005,stimulus,
PFC,PFC037,B3,100,2,31,92.3399922000,tap,rctrl
PFC,PFC037,B3,101,2,32,92.4395179003,stimulus,
PFC,PFC037,B3,101,2,32,93.1080031004,tap,rctrl
PFC,PFC037,B3,102,2,33,93.1895353999,stimulus,
PFC,PFC037,B3,102,2,33,93.7958597001,tap,lctrl
PFC,PFC037,B3,103,2,34,93.9395567998,stimulus,
PFC,PFC037,B3,103,2,34,94.5478352997,tap,lctrl
PFC,PFC037,B3,104,2,35,94.6895684004,stimulus,
PFC,PFC037,B3,104,2,35,95.2837919006,tap,lctrl
PFC,PFC037,B3,105,2,36,95.4395949999,stimulus,
PFC,PFC037,B3,105,2,36,96.0518029006,tap,lctrl
PFC,PFC037,B3,106,2,37,96.1896021003,stimulus,
PFC,PFC037,B3,107,2,38,96.9396201000,stimulus,
PFC,PFC037,B3,107,2,38,96.9478673004,tap,rctrl
PFC,PFC037,B3,107,2,38,97.6358254999,tap,rctrl
PFC,PFC037,B3,108,2,39,97.6896290006,stimulus,
PFC,PFC037,B3,108,2,39,98.3558785999,tap,rctrl
PFC,PFC037,B3,109,2,40,98.4396445006,stimulus,
PFC,PFC037,B3,109,2,40,99.0757899005,tap,lctrl
PFC,PFC037,B3,110,2,41,99.1896647001,stimulus,
PFC,PFC037,B3,110,2,41,99.7958168006,tap,lctrl
PFC,PFC037,B3,111,2,42,99.9396866998,stimulus,
PFC,PFC037,B3,111,2,42,100.5798594998,tap,lctrl
PFC,PFC037,B3,112,2,43,100.6896976000,stimulus,
PFC,PFC037,B3,112,2,43,101.3638244998,tap,lctrl
PFC,PFC037,B3,113,2,44,101.4397068005,stimulus,
PFC,PFC037,B3,113,2,44,102.0038914001,tap,lctrl
PFC,PFC037,B3,114,2,45,102.1897336002,stimulus,
PFC,PFC037,B3,114,2,45,102.7878279006,tap,rctrl
PFC,PFC037,B3,115,2,46,102.9397475999,stimulus,
PFC,PFC037,B3,115,2,46,103.6358674997,tap,rctrl
PFC,PFC037,B3,116,2,47,103.6897561001,stimulus,
PFC,PFC037,B3,116,2,47,104.3718391005,tap,rctrl
PFC,PFC037,B3,117,2,48,104.4397669006,stimulus,
PFC,PFC037,B3,117,2,48,105.0278687999,tap,lctrl
PFC,PFC037,B3,118,2,49,105.1897854004,stimulus,
PFC,PFC037,B3,118,2,49,105.7958211005,tap,lctrl
PFC,PFC037,B3,119,2,50,105.9397950005,stimulus,
PFC,PFC037,B3,119,2,50,106.4838585006,tap,lctrl
PFC,PFC037,B3,120,2,51,106.6898176000,stimulus,
PFC,PFC037,B3,120,2,51,107.2518116999,tap,lctrl
PFC,PFC037,B3,121,2,52,107.4398293002,stimulus,
PFC,PFC037,B3,121,2,52,107.9878464006,tap,lctrl
PFC,PFC037,B3,122,2,52,122.6990197999,probe1,3
PFC,PFC037,B3,122,2,52,128.5867194999,probe2,3
PFC,PFC037,B3,122,2,52,133.7579832999,probe3,0
PFC,PFC037,B3,123,3,1,134.5262965998,stimulus,
PFC,PFC037,B3,123,3,1,134.5327056004,tap,rctrl
PFC,PFC037,B3,124,3,2,135.2761404999,stimulus,
PFC,PFC037,B3,124,3,2,135.3478647005,tap,lctrl
PFC,PFC037,B3,125,3,3,136.0261543002,stimulus,
PFC,PFC037,B3,125,3,3,136.0517912004,tap,rctrl
PFC,PFC037,B3,125,3,3,136.7558212997,tap,rctrl
PFC,PFC037,B3,126,3,4,136.7761526005,stimulus,
PFC,PFC037,B3,126,3,4,137.4438343998,tap,lctrl
PFC,PFC037,B3,127,3,5,137.5261813002,stimulus,
PFC,PFC037,B3,127,3,5,138.2278211005,tap,lctrl
PFC,PFC037,B3,128,3,6,138.2761907000,stimulus,
PFC,PFC037,B3,129,3,7,139.0262125004,stimulus,
PFC,PFC037,B3,129,3,7,139.0758265005,tap,rctrl
PFC,PFC037,B3,130,3,8,139.7762323003,stimulus,
PFC,PFC037,B3,130,3,8,139.9398573004,tap,rctrl
PFC,PFC037,B3,130,3,8,140.5158382002,tap,lctrl
PFC,PFC037,B3,131,3,9,140.5262352005,stimulus,
PFC,PFC037,B3,131,3,9,141.2358487006,tap,lctrl
PFC,PFC037,B3,132,3,10,141.2762555005,stimulus,
PFC,PFC037,B3,133,3,11,142.0262794001,stimulus,
PFC,PFC037,B3,133,3,11,142.0358397001,tap,lctrl
PFC,PFC037,B3,133,3,11,142.7078563003,tap,lctrl
PFC,PFC037,B3,134,3,12,142.7762922999,stimulus,
PFC,PFC037,B3,134,3,12,143.5238709003,tap,rctrl
PFC,PFC037,B3,135,3,13,143.5263060005,stimulus,
PFC,PFC037,B3,135,3,13,144.2118386999,tap,rctrl
PFC,PFC037,B3,136,3,14,144.2763199005,stimulus,
PFC,PFC037,B3,136,3,14,144.9798367005,tap,rctrl
PFC,PFC037,B3,137,3,15,145.0263395002,stimulus,
PFC,PFC037,B3,137,3,15,145.7318257000,tap,lctrl
PFC,PFC037,B3,138,3,16,145.7763579004,stimulus,
PFC,PFC037,B3,138,3,16,146.4679238005,tap,lctrl
PFC,PFC037,B3,139,3,17,146.5263924999,stimulus,
PFC,PFC037,B3,140,3,18,147.2764066998,stimulus,
PFC,PFC037,B3,140,3,18,147.2998117004,tap,rctrl
PFC,PFC037,B3,140,3,18,147.9717752002,tap,rctrl
PFC,PFC037,B3,141,3,19,148.0264015999,stimulus,
PFC,PFC037,B3,141,3,19,148.7238429002,tap,rctrl
PFC,PFC037,B3,142,3,20,148.7764137005,stimulus,
PFC,PFC037,B3,142,3,20,149.4278477998,tap,rctrl
PFC,PFC037,B3,143,3,21,149.5264352001,stimulus,
PFC,PFC037,B3,143,3,21,150.1798056001,tap,lctrl
PFC,PFC037,B3,144,3,22,150.2764512002,stimulus,
PFC,PFC037,B3,144,3,22,150.9799070004,tap,lctrl
PFC,PFC037,B3,145,3,23,151.0264625000,stimulus,
PFC,PFC037,B3,145,3,23,151.6838401007,tap,lctrl
PFC,PFC037,B3,146,3,24,151.7764806999,stimulus,
PFC,PFC037,B3,146,3,24,152.4517592005,tap,rctrl
PFC,PFC037,B3,147,3,25,152.5264985003,stimulus,
PFC,PFC037,B3,147,3,25,153.2358060004,tap,rctrl
PFC,PFC037,B3,148,3,26,153.2765126005,stimulus,
PFC,PFC037,B3,148,3,26,154.0038198000,tap,rctrl
PFC,PFC037,B3,149,3,27,154.0265223999,stimulus,
PFC,PFC037,B3,149,3,27,154.7078199005,tap,rctrl
PFC,PFC037,B3,150,3,28,154.7765412005,stimulus,
PFC,PFC037,B3,150,3,28,155.4438265003,tap,lctrl
PFC,PFC037,B3,151,3,29,155.5265575005,stimulus,
PFC,PFC037,B3,151,3,29,156.1798752006,tap,lctrl
PFC,PFC037,B3,152,3,30,156.2765734000,stimulus,
PFC,PFC037,B3,152,3,30,156.9798225006,tap,lctrl
PFC,PFC037,B3,153,3,31,157.0265857000,stimulus,
PFC,PFC037,B3,153,3,31,157.7478258004,tap,rctrl
PFC,PFC037,B3,154,3,32,157.7765977997,stimulus,
PFC,PFC037,B3,154,3,32,158.5158083001,tap,rctrl
PFC,PFC037,B3,155,3,33,158.5266164998,stimulus,
PFC,PFC037,B3,155,3,33,159.2198361000,tap,lctrl
PFC,PFC037,B3,156,3,34,159.2766295997,stimulus,
PFC,PFC037,B3,156,3,34,159.9398166006,tap,lctrl
PFC,PFC037,B3,157,3,35,160.0266495999,stimulus,
PFC,PFC037,B3,157,3,35,160.6919215005,tap,lctrl
PFC,PFC037,B3,158,3,36,160.7766569005,stimulus,
PFC,PFC037,B3,158,3,36,161.4278318007,tap,rctrl
PFC,PFC037,B3,159,3,37,161.5266693002,stimulus,
PFC,PFC037,B3,159,3,37,162.2598341005,tap,rctrl
PFC,PFC037,B3,160,3,38,162.2766722003,stimulus,
PFC,PFC037,B3,160,3,38,162.9478143007,tap,rctrl
PFC,PFC037,B3,161,3,39,163.0266979998,stimulus,
PFC,PFC037,B3,161,3,39,163.6838936005,tap,rctrl
PFC,PFC037,B3,162,3,40,163.7767091999,stimulus,
PFC,PFC037,B3,162,3,40,164.4678867999,tap,lctrl
PFC,PFC037,B3,163,3,41,164.5267213006,stimulus,
PFC,PFC037,B3,163,3,41,165.1717774998,tap,lctrl
PFC,PFC037,B3,164,3,42,165.2767398003,stimulus,
PFC,PFC037,B3,164,3,42,165.9238330005,tap,rctrl
PFC,PFC037,B3,165,3,43,166.0267502004,stimulus,
PFC,PFC037,B3,165,3,43,166.6758474000,tap,rctrl
PFC,PFC037,B3,166,3,44,166.7767596999,stimulus,
PFC,PFC037,B3,166,3,44,167.4278365998,tap,rctrl
PFC,PFC037,B3,167,3,45,167.5267754002,stimulus,
PFC,PFC037,B3,167,3,45,168.1797866998,tap,rctrl
PFC,PFC037,B3,168,3,46,168.2767877998,stimulus,
PFC,PFC037,B3,168,3,46,169.0118356999,tap,lctrl
PFC,PFC037,B3,169,3,47,169.0267948005,stimulus,
PFC,PFC037,B3,170,3,48,169.7768183006,stimulus,
PFC,PFC037,B3,170,3,48,169.7798277000,tap,lctrl
PFC,PFC037,B3,170,3,48,170.5158683006,tap,rctrl
PFC,PFC037,B3,171,3,49,170.5268322006,stimulus,
PFC,PFC037,B3,171,3,49,171.1399423005,tap,rctrl
PFC,PFC037,B3,172,3,50,171.2768456005,stimulus,
PFC,PFC037,B3,172,3,50,171.9558784999,tap,rctrl
PFC,PFC037,B3,173,3,51,172.0268595004,stimulus,
PFC,PFC037,B3,173,3,51,172.7078290004,tap,lctrl
PFC,PFC037,B3,174,3,52,172.7768681003,stimulus,
PFC,PFC037,B3,174,3,52,173.4599307999,tap,lctrl
PFC,PFC037,B3,175,3,53,173.5268831998,stimulus,
PFC,PFC037,B3,176,3,54,174.2769125002,stimulus,
PFC,PFC037,B3,176,3,54,174.3558251001,tap,lctrl
PFC,PFC037,B3,176,3,54,174.9958207998,tap,lctrl
PFC,PFC037,B3,177,3,55,175.0269205999,stimulus,
PFC,PFC037,B3,177,3,55,175.6839412004,tap,lctrl
PFC,PFC037,B3,178,3,56,175.7769322004,stimulus,
PFC,PFC037,B3,178,3,56,176.4518828997,tap,lctrl
PFC,PFC037,B3,179,3,57,176.5269446000,stimulus,
PFC,PFC037,B3,179,3,57,177.2359129004,tap,lctrl
PFC,PFC037,B3,180,3,58,177.2769713001,stimulus,
PFC,PFC037,B3,181,3,59,178.0269817002,stimulus,
PFC,PFC037,B3,181,3,59,178.0358051006,tap,rctrl
PFC,PFC037,B3,181,3,59,178.6917532003,tap,rctrl
PFC,PFC037,B3,182,3,60,178.7769986000,stimulus,
PFC,PFC037,B3,182,3,60,179.4918449000,tap,rctrl
PFC,PFC037,B3,183,3,60,183.8660040004,probe1,3
PFC,PFC037,B3,183,3,60,186.8518767003,probe2,0
PFC,PFC037,B3,183,3,60,190.3214993998,probe3,0
PFC,PFC037,B3,184,4,1,191.0892930003,stimulus,
PFC,PFC037,B3,184,4,1,191.0907504000,tap,lctrl
PFC,PFC037,B3,184,4,1,191.2998330006,tap,lctrl
PFC,PFC037,B3,185,4,2,191.8391101006,stimulus,
PFC,PFC037,B3,185,4,2,191.8757894002,tap,rctrl
PFC,PFC037,B3,186,4,3,192.5891284999,stimulus,
PFC,PFC037,B3,186,4,3,192.6758265002,tap,lctrl
PFC,PFC037,B3,187,4,4,193.3391462006,stimulus,
PFC,PFC037,B3,187,4,4,193.3798652003,tap,rctrl
PFC,PFC037,B3,187,4,4,194.0358066000,tap,rctrl
PFC,PFC037,B3,188,4,5,194.0891458001,stimulus,
PFC,PFC037,B3,188,4,5,194.7878691005,tap,rctrl
PFC,PFC037,B3,189,4,6,194.8391666999,stimulus,
PFC,PFC037,B3,189,4,6,195.5078017004,tap,lctrl
PFC,PFC037,B3,190,4,7,195.5891885003,stimulus,
PFC,PFC037,B3,190,4,7,196.2438367000,tap,lctrl
PFC,PFC037,B3,191,4,8,196.3392010005,stimulus,
PFC,PFC037,B3,191,4,8,197.0598073006,tap,rctrl
PFC,PFC037,B3,192,4,9,197.0892021004,stimulus,
PFC,PFC037,B3,192,4,9,197.7958300998,tap,rctrl
PFC,PFC037,B3,193,4,10,197.8392412998,stimulus,
PFC,PFC037,B3,193,4,10,198.4997912003,tap,rctrl
PFC,PFC037,B3,194,4,11,198.5892441999,stimulus,
PFC,PFC037,B3,194,4,11,199.2517931005,tap,rctrl
PFC,PFC037,B3,195,4,12,199.3392588003,stimulus,
PFC,PFC037,B3,195,4,12,199.9878205005,tap,rctrl
PFC,PFC037,B3,196,4,13,200.0892674001,stimulus,
PFC,PFC037,B3,196,4,13,200.8199038999,tap,lctrl
PFC,PFC037,B3,197,4,14,200.8392730998,stimulus,
PFC,PFC037,B3,197,4,14,201.5879127998,tap,lctrl
PFC,PFC037,B3,198,4,15,201.5892874999,stimulus,
PFC,PFC037,B3,198,4,15,202.3238217998,tap,lctrl
PFC,PFC037,B3,199,4,16,202.3393042004,stimulus,
PFC,PFC037,B3,199,4,16,203.0598072000,tap,rctrl
PFC,PFC037,B3,200,4,17,203.0893255007,stimulus,
PFC,PFC037,B3,200,4,17,203.8278494002,tap,rctrl
PFC,PFC037,B3,201,4,18,203.8393326998,stimulus,
PFC,PFC037,B3,201,4,18,204.5798396999,tap,rctrl
PFC,PFC037,B3,202,4,19,204.5893448004,stimulus,
PFC,PFC037,B3,202,4,19,205.2681057006,tap,rctrl
PFC,PFC037,B3,203,4,20,205.3393683005,stimulus,
PFC,PFC037,B3,204,4,21,206.0893921005,stimulus,
PFC,PFC037,B3,204,4,21,206.1158400998,tap,lctrl
PFC,PFC037,B3,204,4,21,206.8038563002,tap,rctrl
PFC,PFC037,B3,205,4,22,206.8393974006,stimulus,
PFC,PFC037,B3,206,4,23,207.5894207004,stimulus,
PFC,PFC037,B3,206,4,23,207.6037899004,tap,rctrl
PFC,PFC037,B3,207,4,24,208.3394312002,stimulus,
PFC,PFC037,B3,207,4,24,208.4358024001,tap,rctrl
PFC,PFC037,B3,207,4,24,209.0597962001,tap,lctrl
PFC,PFC037,B3,208,4,25,209.0894363998,stimulus,
PFC,PFC037,B3,208,4,25,209.7798044998,tap,lctrl
PFC,PFC037,B3,209,4,26,209.8394608004,stimulus,
PFC,PFC037,B3,210,4,27,210.5894824006,stimulus,
PFC,PFC037,B3,210,4,27,210.6278202999,tap,lctrl
PFC,PFC037,B3,210,4,27,211.2838594997,tap,rctrl
PFC,PFC037,B3,211,4,28,211.3394840006,stimulus,
PFC,PFC037,B3,211,4,28,211.9877965003,tap,rctrl
PFC,PFC037,B3,212,4,29,212.0895071002,stimulus,
PFC,PFC037,B3,212,4,29,212.7078168998,tap,rctrl
PFC,PFC037,B3,213,4,30,212.8395214006,stimulus,
PFC,PFC037,B3,213,4,30,213.5238709003,tap,rctrl
PFC,PFC037,B3,214,4,31,213.5895290999,stimulus,
PFC,PFC037,B3,215,4,32,214.3395546004,stimulus,
PFC,PFC037,B3,215,4,32,214.3558688005,tap,lctrl
PFC,PFC037,B3,215,4,32,215.0438358998,tap,lctrl
PFC,PFC037,B3,216,4,33,215.0895632999,stimulus,
PFC,PFC037,B3,216,4,33,215.7798367003,tap,rctrl
PFC,PFC037,B3,217,4,34,215.8395755002,stimulus,
PFC,PFC037,B3,217,4,34,216.5318104997,tap,rctrl
PFC,PFC037,B3,218,4,35,216.5895838998,stimulus,
PFC,PFC037,B3,218,4,35,217.2518298002,tap,rctrl
PFC,PFC037,B3,219,4,36,217.3396079000,stimulus,
PFC,PFC037,B3,219,4,36,218.0678107999,tap,lctrl
PFC,PFC037,B3,220,4,37,218.0896081002,stimulus,
PFC,PFC037,B3,220,4,37,218.7718153000,tap,lctrl
PFC,PFC037,B3,221,4,38,218.8396362998,stimulus,
PFC,PFC037,B3,221,4,38,219.5878252005,tap,lctrl
PFC,PFC037,B3,222,4,39,219.5896472000,stimulus,
PFC,PFC037,B3,222,4,39,220.3238267004,tap,lctrl
PFC,PFC037,B3,223,4,40,220.3396600001,stimulus,
PFC,PFC037,B3,223,4,40,221.0598496003,tap,rctrl
PFC,PFC037,B3,224,4,41,221.0896773003,stimulus,
PFC,PFC037,B3,224,4,41,221.7638448002,tap,rctrl
PFC,PFC037,B3,225,4,42,221.8396990001,stimulus,
PFC,PFC037,B3,225,4,42,222.5478352997,tap,lctrl
PFC,PFC037,B3,226,4,43,222.5897097997,stimulus,
PFC,PFC037,B3,227,4,44,223.3397359001,stimulus,
PFC,PFC037,B3,227,4,44,223.3797976999,tap,lctrl
PFC,PFC037,B3,227,4,44,224.0838151006,tap,rctrl
PFC,PFC037,B3,228,4,45,224.0897352006,stimulus,
PFC,PFC037,B3,228,4,45,224.8358260002,tap,rctrl
PFC,PFC037,B3,229,4,46,224.8397503998,stimulus,
PFC,PFC037,B3,229,4,46,225.5718517005,tap,rctrl
PFC,PFC037,B3,230,4,47,225.5897574006,stimulus,
PFC,PFC037,B3,230,4,47,226.2917833002,tap,lctrl
PFC,PFC037,B3,231,4,48,226.3397818003,stimulus,
PFC,PFC037,B3,231,4,48,227.0758372005,tap,lctrl
PFC,PFC037,B3,232,4,49,227.0897909002,stimulus,
PFC,PFC037,B3,233,4,50,227.8398202006,stimulus,
PFC,PFC037,B3,233,4,50,227.8597622002,tap,lctrl
PFC,PFC037,B3,233,4,50,228.5318525005,tap,lctrl
PFC,PFC037,B3,234,4,51,228.5898387004,stimulus,
PFC,PFC037,B3,234,4,51,229.2838241002,tap,lctrl
PFC,PFC037,B3,235,4,52,229.3398366999,stimulus,
PFC,PFC037,B3,235,4,52,229.9878393998,tap,lctrl
PFC,PFC037,B3,236,4,53,230.0898585999,stimulus,
PFC,PFC037,B3,236,4,53,230.7558019999,tap,rctrl
PFC,PFC037,B3,237,4,54,230.8398703998,stimulus,
PFC,PFC037,B3,237,4,54,231.4758029999,tap,rctrl
PFC,PFC037,B3,238,4,55,231.5898863999,stimulus,
PFC,PFC037,B3,238,4,55,232.1957991999,tap,rctrl
PFC,PFC037,B3,239,4,56,232.3399028005,stimulus,
PFC,PFC037,B3,239,4,56,232.9798111999,tap,rctrl
PFC,PFC037,B3,240,4,57,233.0899237003,stimulus,
PFC,PFC037,B3,241,4,58,233.8399395002,stimulus,
PFC,PFC037,B3,241,4,58,233.8758494006,tap,rctrl
PFC,PFC037,B3,241,4,58,234.5637538005,tap,rctrl
PFC,PFC037,B3,242,4,59,234.5899408003,stimulus,
PFC,PFC037,B3,242,4,59,235.3317950005,tap,rctrl
PFC,PFC037,B3,243,4,60,235.3399613006,stimulus,
PFC,PFC037,B3,243,4,60,236.0838215007,tap,rctrl
PFC,PFC037,B3,244,4,61,236.0899804998,stimulus,
PFC,PFC037,B3,244,4,61,236.7878483003,tap,lctrl
PFC,PFC037,B3,245,4,62,236.8399983002,stimulus,
PFC,PFC037,B3,245,4,62,237.5078058001,tap,lctrl
PFC,PFC037,B3,246,4,63,237.5900127003,stimulus,
PFC,PFC037,B3,246,4,63,238.3238089997,tap,rctrl
PFC,PFC037,B3,247,4,64,238.3400202999,stimulus,
PFC,PFC037,B3,247,4,64,239.0437773000,tap,rctrl
PFC,PFC037,B3,248,4,65,239.0900397003,stimulus,
PFC,PFC037,B3,248,4,65,239.8118464006,tap,rctrl
PFC,PFC037,B3,249,4,66,239.8400526000,stimulus,
PFC,PFC037,B3,250,4,67,240.5900819004,stimulus,
PFC,PFC037,B3,250,4,67,240.5957674999,tap,lctrl
PFC,PFC037,B3,250,4,67,241.3158151004,tap,lctrl
PFC,PFC037,B3,251,4,68,241.3400811004,stimulus,
PFC,PFC037,B3,251,4,68,242.0358039001,tap,lctrl
PFC,PFC037,B3,252,4,69,242.0900972998,stimulus,
PFC,PFC037,B3,252,4,69,242.7398083005,tap,lctrl
PFC,PFC037,B3,253,4,70,242.8401199998,stimulus,
PFC,PFC037,B3,253,4,70,243.5557901999,tap,rctrl
PFC,PFC037,B3,254,4,71,243.5901220003,stimulus,
PFC,PFC037,B3,254,4,71,244.2757966006,tap,lctrl
PFC,PFC037,B3,255,4,71,250.0040389998,probe1,3
PFC,PFC037,B3,255,4,71,260.1124827005,probe2,0
PFC,PFC037,B3,255,4,71,264.9481816003,probe3,0
PFC,PFC037,B3,256,5,1,265.7164743999,stimulus,
PFC,PFC037,B3,256,5,1,265.8439133000,tap,rctrl
PFC,PFC037,B3,257,5,2,266.4662984004,stimulus,
PFC,PFC037,B3,257,5,2,266.4837727007,tap,lctrl
PFC,PFC037,B3,258,5,3,267.2163124001,stimulus,
PFC,PFC037,B3,258,5,3,267.2198413005,tap,rctrl
PFC,PFC037,B3,258,5,3,267.9398053000,tap,rctrl
PFC,PFC037,B3,259,5,4,267.9663105998,stimulus,
PFC,PFC037,B3,259,5,4,268.6597933006,tap,rctrl
PFC,PFC037,B3,260,5,5,268.7163276998,stimulus,
PFC,PFC037,B3,260,5,5,269.4278902002,tap,lctrl
PFC,PFC037,B3,261,5,6,269.4663577005,stimulus,
PFC,PFC037,B3,261,5,6,270.1637912001,tap,lctrl
PFC,PFC037,B3,262,5,7,270.2163573001,stimulus,
PFC,PFC037,B3,262,5,7,270.9638692001,tap,rctrl
PFC,PFC037,B3,263,5,8,270.9663775004,stimulus,
PFC,PFC037,B3,263,5,8,271.7158067999,tap,rctrl
PFC,PFC037,B3,264,5,9,271.7163912002,stimulus,
PFC,PFC037,B3,264,5,9,272.4517804999,tap,rctrl
PFC,PFC037,B3,265,5,10,272.4663979001,stimulus,
PFC,PFC037,B3,265,5,10,273.1237826003,tap,rctrl
PFC,PFC037,B3,266,5,11,273.2164245006,stimulus,
PFC,PFC037,B3,266,5,11,273.8758041002,tap,rctrl
PFC,PFC037,B3,267,5,12,273.9664377999,stimulus,
PFC,PFC037,B3,267,5,12,274.6278137006,tap,lctrl
PFC,PFC037,B3,268,5,13,274.7164468002,stimulus,
PFC,PFC037,B3,268,5,13,275.4118659003,tap,lctrl
PFC,PFC037,B3,269,5,14,275.4664614005,stimulus,
PFC,PFC037,B3,270,5,15,276.2165005002,stimulus,
PFC,PFC037,B3,270,5,15,276.9318387005,tap,rctrl
PFC,PFC037,B3,271,5,16,276.9664943004,stimulus,
PFC,PFC037,B3,271,5,16,277.6838822002,tap,rctrl
PFC,PFC037,B3,272,5,17,277.7165002003,stimulus,
PFC,PFC037,B3,272,5,17,278.4038046999,tap,lctrl
PFC,PFC037,B3,273,5,18,278.4665190000,stimulus,
PFC,PFC037,B3,274,5,19,279.2165411999,stimulus,
PFC,PFC037,B3,274,5,19,279.2198282005,tap,lctrl
PFC,PFC037,B3,274,5,19,279.9558088006,tap,lctrl
PFC,PFC037,B3,275,5,20,279.9665422998,stimulus,
PFC,PFC037,B3,276,5,21,280.7165700998,stimulus,
PFC,PFC037,B3,276,5,21,280.7237931006,tap,lctrl
PFC,PFC037,B3,277,5,22,281.4665855002,stimulus,
PFC,PFC037,B3,277,5,22,281.4917845000,tap,rctrl
PFC,PFC037,B3,278,5,23,282.2166033005,stimulus,
PFC,PFC037,B3,278,5,23,282.2437877003,tap,lctrl
PFC,PFC037,B3,279,5,24,282.9666264998,stimulus,
PFC,PFC037,B3,279,5,24,283.0117610004,tap,lctrl
PFC,PFC037,B3,279,5,24,283.6357837999,tap,lctrl
PFC,PFC037,B3,280,5,25,283.7166263005,stimulus,
PFC,PFC037,B3,280,5,25,284.2758055003,tap,rctrl
PFC,PFC037,B3,281,5,26,284.4666480003,stimulus,
PFC,PFC037,B3,281,5,26,285.1557756001,tap,rctrl
PFC,PFC037,B3,282,5,27,285.2166545000,stimulus,
PFC,PFC037,B3,282,5,27,285.8919246001,tap,lctrl
PFC,PFC037,B3,283,5,28,285.9666736005,stimulus,
PFC,PFC037,B3,283,5,28,286.6759048998,tap,lctrl
PFC,PFC037,B3,284,5,29,286.7166852001,stimulus,
PFC,PFC037,B3,284,5,29,287.4277883004,tap,lctrl
PFC,PFC037,B3,285,5,30,287.4666988002,stimulus,
PFC,PFC037,B3,285,5,30,288.0997986998,tap,lctrl
PFC,PFC037,B3,286,5,31,288.2167341001,stimulus,
PFC,PFC037,B3,286,5,31,288.8517960003,tap,rctrl
PFC,PFC037,B3,287,5,32,288.9667544002,stimulus,
PFC,PFC037,B3,287,5,32,289.6678018998,tap,rctrl
PFC,PFC037,B3,288,5,33,289.7167565003,stimulus,
PFC,PFC037,B3,288,5,33,290.4519924000,tap,rctrl
PFC,PFC037,B3,289,5,34,290.4667742001,stimulus,
PFC,PFC037,B3,290,5,35,291.2167950999,stimulus,
PFC,PFC037,B3,290,5,35,291.2518145004,tap,rctrl
PFC,PFC037,B3,291,5,36,291.9668156002,stimulus,
PFC,PFC037,B3,291,5,36,292.0358034000,tap,rctrl
PFC,PFC037,B3,291,5,36,292.7078403998,tap,lctrl
PFC,PFC037,B3,292,5,37,292.7168202000,stimulus,
PFC,PFC037,B3,292,5,37,293.4598002005,tap,lctrl
PFC,PFC037,B3,293,5,38,293.4668329004,stimulus,
PFC,PFC037,B3,293,5,38,294.1958006006,tap,rctrl
PFC,PFC037,B3,294,5,39,294.2168439999,stimulus,
PFC,PFC037,B3,294,5,39,294.9477858003,tap,rctrl
PFC,PFC037,B3,295,5,40,294.9668581001,stimulus,
PFC,PFC037,B3,295,5,40,295.6837942004,tap,rctrl
PFC,PFC037,B3,296,5,41,295.7168772006,stimulus,
PFC,PFC037,B3,296,5,41,296.4517954001,tap,rctrl
PFC,PFC037,B3,297,5,42,296.4668899002,stimulus,
PFC,PFC037,B3,298,5,43,297.2169166002,stimulus,
PFC,PFC037,B3,298,5,43,297.2679136004,tap,rctrl
PFC,PFC037,B3,299,5,44,297.9669275004,stimulus,
PFC,PFC037,B3,299,5,44,297.9717912003,tap,rctrl
PFC,PFC037,B3,300,5,45,298.7169422004,stimulus,
PFC,PFC037,B3,300,5,45,298.7558062002,tap,lctrl
PFC,PFC037,B3,300,5,45,299.4598051999,tap,lctrl
PFC,PFC037,B3,301,5,46,299.4669471001,stimulus,
PFC,PFC037,B3,301,5,46,300.1478637001,tap,lctrl
PFC,PFC037,B3,302,5,47,300.2169864001,stimulus,
PFC,PFC037,B3,303,5,48,300.9669963000,stimulus,
PFC,PFC037,B3,303,5,48,300.9798100004,tap,lctrl
PFC,PFC037,B3,303,5,48,301.6517524999,tap,rctrl
PFC,PFC037,B3,304,5,49,301.7169917999,stimulus,
PFC,PFC037,B3,305,5,50,302.4670186006,stimulus,
PFC,PFC037,B3,305,5,50,302.4678114001,tap,rctrl
PFC,PFC037,B3,306,5,51,303.2170334002,stimulus,
PFC,PFC037,B3,306,5,51,303.2358300006,tap,rctrl
PFC,PFC037,B3,306,5,51,303.9399287999,tap,rctrl
PFC,PFC037,B3,307,5,52,303.9670328004,stimulus,
PFC,PFC037,B3,308,5,53,304.7170531005,stimulus,
PFC,PFC037,B3,308,5,53,305.3797770003,tap,lctrl
PFC,PFC037,B3,309,5,54,305.4670600006,stimulus,
PFC,PFC037,B3,309,5,54,306.1798408004,tap,lctrl
PFC,PFC037,B3,310,5,55,306.2170718005,stimulus,
PFC,PFC037,B3,310,5,55,306.9478193000,tap,lctrl
PFC,PFC037,B3,311,5,56,306.9670799999,stimulus,
PFC,PFC037,B3,311,5,56,307.5398268001,tap,lctrl
PFC,PFC037,B3,312,5,57,307.7171133999,stimulus,
PFC,PFC037,B3,312,5,57,308.2438367000,tap,lctrl
PFC,PFC037,B3,313,5,58,308.4671213003,stimulus,
PFC,PFC037,B3,313,5,58,309.0598640004,tap,lctrl
PFC,PFC037,B3,314,5,59,309.2171296002,stimulus,
PFC,PFC037,B3,314,5,59,309.7477855003,tap,lctrl
PFC,PFC037,B3,315,5,60,309.9671379002,stimulus,
PFC,PFC037,B3,315,5,60,310.3559451997,tap,rctrl
PFC,PFC037,B3,316,5,61,310.7171598999,stimulus,
PFC,PFC037,B3,316,5,61,311.0437454004,tap,rctrl
PFC,PFC037,B3,317,5,62,311.4671654003,stimulus,
PFC,PFC037,B3,317,5,62,311.7797760004,tap,rctrl
PFC,PFC037,B3,318,5,63,312.2171875006,stimulus,
PFC,PFC037,B3,318,5,63,312.4358382998,tap,rctrl
PFC,PFC037,B3,319,5,64,312.9671985004,stimulus,
PFC,PFC037,B3,319,5,64,312.9798005000,tap,rctrl
PFC,PFC037,B3,319,5,64,313.6677766005,tap,rctrl
PFC,PFC037,B3,320,5,65,313.7171982005,stimulus,
PFC,PFC037,B3,321,5,66,314.4672185006,stimulus,
PFC,PFC037,B3,321,5,66,314.5318013998,tap,rctrl
PFC,PFC037,B3,322,5,66,330.5526214000,probe1,3
PFC,PFC037,B3,322,5,66,340.7604922000,probe2,3
PFC,PFC037,B3,322,5,66,343.3467768999,probe3,0
PFC,PFC037,B3,323,6,1,344.1145663001,stimulus,
PFC,PFC037,B3,323,6,1,344.1151216002,tap,rctrl
PFC,PFC037,B3,323,6,1,344.8038323000,tap,lctrl
PFC,PFC037,B3,324,6,2,344.8644978004,stimulus,
PFC,PFC037,B3,324,6,2,345.5878103999,tap,lctrl
PFC,PFC037,B3,325,6,3,345.6145083001,stimulus,
PFC,PFC037,B3,325,6,3,346.2757549006,tap,lctrl
PFC,PFC037,B3,326,6,4,346.3645256003,stimulus,
PFC,PFC037,B3,326,6,4,347.0918215998,tap,rctrl
PFC,PFC037,B3,327,6,5,347.1145366002,stimulus,
PFC,PFC037,B3,327,6,5,347.7957773004,tap,rctrl
PFC,PFC037,B3,328,6,6,347.8645601002,stimulus,
PFC,PFC037,B3,328,6,6,348.4837790001,tap,rctrl
PFC,PFC037,B3,329,6,7,348.6145772003,stimulus,
PFC,PFC037,B3,329,6,7,349.3158248002,tap,lctrl
PFC,PFC037,B3,330,6,8,349.3645830005,stimulus,
PFC,PFC037,B3,330,6,8,350.0358477002,tap,lctrl
PFC,PFC037,B3,331,6,9,350.1145976000,stimulus,
PFC,PFC037,B3,331,6,9,350.7237943001,tap,lctrl
PFC,PFC037,B3,332,6,10,350.8646191005,stimulus,
PFC,PFC037,B3,332,6,10,351.4918598998,tap,rctrl
PFC,PFC037,B3,333,6,11,351.6146355998,stimulus,
PFC,PFC037,B3,333,6,11,352.2438343000,tap,rctrl
PFC,PFC037,B3,334,6,12,352.3646464003,stimulus,
PFC,PFC037,B3,334,6,12,352.9958273005,tap,rctrl
PFC,PFC037,B3,335,6,13,353.1146550998,stimulus,
PFC,PFC037,B3,335,6,13,353.7318956004,tap,rctrl
PFC,PFC037,B3,336,6,14,353.8646641001,stimulus,
PFC,PFC037,B3,336,6,14,354.5478486000,tap,lctrl
PFC,PFC037,B3,337,6,15,354.6146820998,stimulus,
PFC,PFC037,B3,337,6,15,355.2517801998,tap,lctrl
PFC,PFC037,B3,338,6,16,355.3646947006,stimulus,
PFC,PFC037,B3,338,6,16,356.0038207006,tap,lctrl
PFC,PFC037,B3,339,6,17,356.1147101000,stimulus,
PFC,PFC037,B3,339,6,17,356.7718130006,tap,rctrl
PFC,PFC037,B3,340,6,18,356.8647244005,stimulus,
PFC,PFC037,B3,340,6,18,357.4918009005,tap,rctrl
PFC,PFC037,B3,341,6,19,357.6147408001,stimulus,
PFC,PFC037,B3,341,6,19,358.2278482001,tap,rctrl
PFC,PFC037,B3,342,6,20,358.3647533003,stimulus,
PFC,PFC037,B3,342,6,20,358.9478032999,tap,lctrl
PFC,PFC037,B3,343,6,21,359.1147653004,stimulus,
PFC,PFC037,B3,343,6,21,359.6838349998,tap,lctrl
PFC,PFC037,B3,344,6,22,359.8647795999,stimulus,
PFC,PFC037,B3,344,6,22,360.4038275005,tap,lctrl
PFC,PFC037,B3,345,6,23,360.6148017002,stimulus,
PFC,PFC037,B3,345,6,23,361.1397991003,tap,lctrl
PFC,PFC037,B3,346,6,24,361.3648132002,stimulus,
PFC,PFC037,B3,346,6,24,361.9077861002,tap,rctrl
PFC,PFC037,B3,347,6,25,362.1148326006,stimulus,
PFC,PFC037,B3,347,6,25,362.6438004998,tap,rctrl
PFC,PFC037,B3,348,6,26,362.8648410002,stimulus,
PFC,PFC037,B3,348,6,26,363.3957921006,tap,rctrl
PFC,PFC037,B3,349,6,27,363.6148562999,stimulus,
PFC,PFC037,B3,349,6,27,364.1477792002,tap,rctrl
PFC,PFC037,B3,350,6,28,364.3648656001,stimulus,
PFC,PFC037,B3,350,6,28,364.9158064006,tap,lctrl
PFC,PFC037,B3,351,6,29,365.1148794005,stimulus,
PFC,PFC037,B3,351,6,29,365.6997909006,tap,lctrl
PFC,PFC037,B3,352,6,30,365.8648978006,stimulus,
PFC,PFC037,B3,352,6,30,366.4517616006,tap,rctrl
PFC,PFC037,B3,353,6,31,366.6149105001,stimulus,
PFC,PFC037,B3,353,6,31,367.1718314001,tap,rctrl
PFC,PFC037,B3,354,6,32,367.3649246003,stimulus,
PFC,PFC037,B3,354,6,32,367.8918115003,tap,rctrl
PFC,PFC037,B3,355,6,33,368.1149449004,stimulus,
PFC,PFC037,B3,355,6,33,368.5957495999,tap,rctrl
PFC,PFC037,B3,356,6,34,368.8649532003,stimulus,
PFC,PFC037,B3,356,6,34,369.2838105001,tap,lctrl
PFC,PFC037,B3,357,6,35,369.6149749998,stimulus,
PFC,PFC037,B3,357,6,35,369.9878428997,tap,lctrl
PFC,PFC037,B3,358,6,36,370.3649935005,stimulus,
PFC,PFC037,B3,358,6,36,370.7237491002,tap,lctrl
PFC,PFC037,B3,359,6,37,371.1150088003,stimulus,
PFC,PFC037,B3,359,6,37,371.6839144006,tap,rctrl
PFC,PFC037,B3,360,6,38,371.8650258007,stimulus,
PFC,PFC037,B3,360,6,38,372.4837394999,tap,rctrl
PFC,PFC037,B3,361,6,39,372.6150241001,stimulus,
PFC,PFC037,B3,361,6,39,373.2518503005,tap,lctrl
PFC,PFC037,B3,362,6,40,373.3650373006,stimulus,
PFC,PFC037,B3,362,6,40,374.0037871003,tap,lctrl
PFC,PFC037,B3,363,6,41,374.1150555005,stimulus,
PFC,PFC037,B3,363,6,41,374.7237828001,tap,lctrl
PFC,PFC037,B3,364,6,42,374.8650729004,stimulus,
PFC,PFC037,B3,364,6,42,375.4758625999,tap,lctrl
PFC,PFC037,B3,365,6,43,375.6150767999,stimulus,
PFC,PFC037,B3,365,6,43,376.1798085002,tap,rctrl
PFC,PFC037,B3,366,6,44,376.3650945006,stimulus,
PFC,PFC037,B3,366,6,44,377.0277864002,tap,rctrl
PFC,PFC037,B3,367,6,45,377.1151021002,stimulus,
PFC,PFC037,B3,367,6,45,377.7637470998,tap,rctrl
PFC,PFC037,B3,368,6,46,377.8651182000,stimulus,
PFC,PFC037,B3,368,6,46,378.5157625005,tap,lctrl
PFC,PFC037,B3,369,6,47,378.6151365004,stimulus,
PFC,PFC037,B3,369,6,47,379.2518071998,tap,lctrl
PFC,PFC037,B3,370,6,48,379.3651504004,stimulus,
PFC,PFC037,B3,370,6,48,380.0037754998,tap,rctrl
PFC,PFC037,B3,371,6,49,380.1151655000,stimulus,
PFC,PFC037,B3,371,6,49,380.6758639999,tap,rctrl
PFC,PFC037,B3,372,6,50,380.8651835006,stimulus,
PFC,PFC037,B3,372,6,50,381.4758531004,tap,rctrl
PFC,PFC037,B3,373,6,51,381.6151959002,stimulus,
PFC,PFC037,B3,373,6,51,382.2277736003,tap,lctrl
PFC,PFC037,B3,374,6,52,382.3652113006,stimulus,
PFC,PFC037,B3,374,6,52,382.9478376005,tap,rctrl
PFC,PFC037,B3,375,6,53,383.1152264001,stimulus,
PFC,PFC037,B3,375,6,53,383.6838020002,tap,rctrl
PFC,PFC037,B3,376,6,54,383.8652418004,stimulus,
PFC,PFC037,B3,376,6,54,384.4197648000,tap,rctrl
PFC,PFC037,B3,377,6,55,384.6152533004,stimulus,
PFC,PFC037,B3,377,6,55,385.2037800001,tap,rctrl
PFC,PFC037,B3,378,6,56,385.3652673000,stimulus,
PFC,PFC037,B3,378,6,56,386.0677983006,tap,lctrl
PFC,PFC037,B3,379,6,57,386.1152780000,stimulus,
PFC,PFC037,B3,379,6,57,386.7557589002,tap,rctrl
PFC,PFC037,B3,380,6,58,386.8652961003,stimulus,
PFC,PFC037,B3,380,6,58,387.4757807003,tap,rctrl
PFC,PFC037,B3,381,6,59,387.6153102005,stimulus,
PFC,PFC037,B3,381,6,59,388.1637925999,tap,rctrl
PFC,PFC037,B3,382,6,60,388.3653207999,stimulus,
PFC,PFC037,B3,382,6,60,389.0758204004,tap,rctrl
PFC,PFC037,B3,383,6,61,389.1153362002,stimulus,
PFC,PFC037,B3,383,6,61,389.8278227998,tap,rctrl
PFC,PFC037,B3,384,6,62,389.8653525002,stimulus,
PFC,PFC037,B3,384,6,62,390.5317894006,tap,rctrl
PFC,PFC037,B3,385,6,63,390.6153663006,stimulus,
PFC,PFC037,B3,385,6,63,391.2677819002,tap,rctrl
PFC,PFC037,B3,386,6,64,391.3653861005,stimulus,
PFC,PFC037,B3,386,6,64,392.0197804002,tap,lctrl
PFC,PFC037,B3,387,6,65,392.1154033002,stimulus,
PFC,PFC037,B3,387,6,65,392.7718310999,tap,lctrl
PFC,PFC037,B3,388,6,66,392.8654132998,stimulus,
PFC,PFC037,B3,388,6,66,393.5077645006,tap,lctrl
PFC,PFC037,B3,389,6,67,393.6154372003,stimulus,
PFC,PFC037,B3,390,6,68,394.3654494006,stimulus,
PFC,PFC037,B3,390,6,68,394.3877429003,tap,rctrl
PFC,PFC037,B3,390,6,68,395.0598237002,tap,rctrl
PFC,PFC037,B3,391,6,69,395.1154597998,stimulus,
PFC,PFC037,B3,392,6,70,395.8654850004,stimulus,
PFC,PFC037,B3,392,6,70,395.8919290006,tap,rctrl
PFC,PFC037,B3,392,6,70,396.5157789998,tap,rctrl
PFC,PFC037,B3,393,6,71,396.6154896999,stimulus,
PFC,PFC037,B3,393,6,71,397.3319258001,tap,rctrl
PFC,PFC037,B3,394,6,72,397.3655048003,stimulus,
PFC,PFC037,B3,395,6,73,398.1155273998,stimulus,
PFC,PFC037,B3,395,6,73,398.1157817999,tap,lctrl
PFC,PFC037,B3,395,6,73,398.8357759006,tap,lctrl
PFC,PFC037,B3,396,6,74,398.8655316001,stimulus,
PFC,PFC037,B3,396,6,74,399.5558769004,tap,lctrl
PFC,PFC037,B3,397,6,74,404.5798240006,probe1,0
PFC,PFC037,B3,397,6,74,408.9164490998,probe2,0
PFC,PFC037,B3,397,6,74,412.9376014005,probe3,0
PFC,PFC037,B3,398,7,1,413.7047832999,stimulus,
PFC,PFC037,B3,398,7,1,413.7053259006,tap,rctrl
PFC,PFC037,B3,398,7,1,414.4037902998,tap,rctrl
PFC,PFC037,B3,399,7,2,414.4547230005,stimulus,
PFC,PFC037,B3,399,7,2,415.0917953998,tap,lctrl
PFC,PFC037,B3,400,7,3,415.2047477998,stimulus,
PFC,PFC037,B3,400,7,3,415.9237662004,tap,rctrl
PFC,PFC037,B3,401,7,4,415.9547565999,stimulus,
PFC,PFC037,B3,401,7,4,416.5957778003,tap,rctrl
PFC,PFC037,B3,402,7,5,416.7047765004,stimulus,
PFC,PFC037,B3,403,7,6,417.4547934001,stimulus,
PFC,PFC037,B3,403,7,6,417.4917478999,tap,rctrl
PFC,PFC037,B3,404,7,7,418.2048069006,stimulus,
PFC,PFC037,B3,404,7,7,418.2117991000,tap,rctrl
PFC,PFC037,B3,404,7,7,418.9478088999,tap,lctrl
PFC,PFC037,B3,405,7,8,418.9548097998,stimulus,
PFC,PFC037,B3,405,7,8,419.6838467000,tap,lctrl
PFC,PFC037,B3,406,7,9,419.7048256006,stimulus,
PFC,PFC037,B3,406,7,9,420.3718012003,tap,rctrl
PFC,PFC037,B3,407,7,10,420.4548503999,stimulus,
PFC,PFC037,B3,407,7,10,421.1717750998,tap,rctrl
PFC,PFC037,B3,408,7,11,421.2048636004,stimulus,
PFC,PFC037,B3,408,7,11,421.8917967007,tap,rctrl
PFC,PFC037,B3,409,7,12,421.9548753006,stimulus,
PFC,PFC037,B3,409,7,12,422.6758417999,tap,lctrl
PFC,PFC037,B3,410,7,13,422.7048912998,stimulus,
PFC,PFC037,B3,410,7,13,423.4277518000,tap,lctrl
PFC,PFC037,B3,411,7,14,423.4548979001,stimulus,
PFC,PFC037,B3,411,7,14,424.1797933998,tap,lctrl
PFC,PFC037,B3,412,7,15,424.2049184004,stimulus,
PFC,PFC037,B3,413,7,16,424.9549465002,stimulus,
PFC,PFC037,B3,413,7,16,424.9637385001,tap,lctrl
PFC,PFC037,B3,414,7,17,425.7049601004,stimulus,
PFC,PFC037,B3,414,7,17,425.7637803005,tap,lctrl
PFC,PFC037,B3,414,7,17,426.3877961999,tap,lctrl
PFC,PFC037,B3,415,7,18,426.4549599001,stimulus,
PFC,PFC037,B3,415,7,18,427.2037885003,tap,lctrl
PFC,PFC037,B3,416,7,19,427.2049698001,stimulus,
PFC,PFC037,B3,416,7,19,427.9397839000,tap,rctrl
PFC,PFC037,B3,417,7,20,427.9549881006,stimulus,
PFC,PFC037,B3,417,7,20,428.6117952000,tap,rctrl
PFC,PFC037,B3,418,7,21,428.7050040001,stimulus,
PFC,PFC037,B3,418,7,21,429.4277848005,tap,rctrl
PFC,PFC037,B3,419,7,22,429.4550162004,stimulus,
PFC,PFC037,B3,419,7,22,430.1637697006,tap,lctrl
PFC,PFC037,B3,420,7,23,430.2050360003,stimulus,
PFC,PFC037,B3,420,7,23,430.9478226006,tap,lctrl
PFC,PFC037,B3,421,7,24,430.9550555004,stimulus,
PFC,PFC037,B3,421,7,24,431.6838103998,tap,lctrl
PFC,PFC037,B3,422,7,25,431.7050611004,stimulus,
PFC,PFC037,B3,423,7,26,432.4550911002,stimulus,
PFC,PFC037,B3,423,7,26,432.4677520003,tap,rctrl
PFC,PFC037,B3,423,7,26,433.1878716005,tap,rctrl
PFC,PFC037,B3,424,7,27,433.2051060004,stimulus,
PFC,PFC037,B3,425,7,28,433.9551136000,stimulus,
PFC,PFC037,B3,425,7,28,433.9717926998,tap,rctrl
PFC,PFC037,B3,425,7,28,434.6917882003,tap,rctrl
PFC,PFC037,B3,426,7,29,434.7051184000,stimulus,
PFC,PFC037,B3,426,7,29,435.4277785001,tap,lctrl
PFC,PFC037,B3,427,7,30,435.4551365003,stimulus,
PFC,PFC037,B3,427,7,30,436.1797804004,tap,lctrl
PFC,PFC037,B3,428,7,31,436.2051482005,stimulus,
PFC,PFC037,B3,428,7,31,436.9478022000,tap,rctrl
PFC,PFC037,B3,429,7,32,436.9551640004,stimulus,
PFC,PFC037,B3,429,7,32,437.6678055003,tap,lctrl
PFC,PFC037,B3,430,7,33,437.7051840005,stimulus,
PFC,PFC037,B3,431,7,34,438.4551993003,stimulus,
PFC,PFC037,B3,431,7,34,438.4677721998,tap,rctrl
PFC,PFC037,B3,431,7,34,439.1718410002,tap,rctrl
PFC,PFC037,B3,432,7,35,439.2052087998,stimulus,
PFC,PFC037,B3,432,7,35,439.8918722002,tap,rctrl
PFC,PFC037,B3,433,7,36,439.9552287003,stimulus,
PFC,PFC037,B3,433,7,36,440.6438229000,tap,lctrl
PFC,PFC037,B3,434,7,37,440.7052415004,stimulus,
PFC,PFC037,B3,434,7,37,441.3797834003,tap,lctrl
PFC,PFC037,B3,435,7,38,441.4552482003,stimulus,
PFC,PFC037,B3,435,7,38,442.1158025004,tap,rctrl
PFC,PFC037,B3,436,7,39,442.2052722005,stimulus,
PFC,PFC037,B3,436,7,39,442.8837831998,tap,rctrl
PFC,PFC037,B3,437,7,40,442.9552805005,stimulus,
PFC,PFC037,B3,438,7,41,443.7053030003,stimulus,
PFC,PFC037,B3,438,7,41,443.7159356000,tap,lctrl
PFC,PFC037,B3,438,7,41,444.4357754001,tap,lctrl
PFC,PFC037,B3,439,7,42,444.4553032005,stimulus,
PFC,PFC037,B3,440,7,43,445.2053259006,stimulus,
PFC,PFC037,B3,440,7,43,445.2197735002,tap,lctrl
PFC,PFC037,B3,440,7,43,445.9078265000,tap,rctrl
PFC,PFC037,B3,441,7,44,445.9553316999,stimulus,
PFC,PFC037,B3,441,7,44,446.6917647002,tap,rctrl
PFC,PFC037,B3,442,7,45,446.7053570999,stimulus,
PFC,PFC037,B3,442,7,45,447.3637873000,tap,lctrl
PFC,PFC037,B3,443,7,46,447.4553677998,stimulus,
PFC,PFC037,B3,443,7,46,448.1318089999,tap,lctrl
PFC,PFC037,B3,444,7,47,448.2053824002,stimulus,
PFC,PFC037,B3,444,7,47,448.8517775005,tap,lctrl
PFC,PFC037,B3,445,7,48,448.9554203004,stimulus,
PFC,PFC037,B3,445,7,48,449.6357404999,tap,rctrl
PFC,PFC037,B3,446,7,49,449.7054131003,stimulus,
PFC,PFC037,B3,446,7,49,450.3877774999,tap,rctrl
PFC,PFC037,B3,447,7,50,450.4554236000,stimulus,
PFC,PFC037,B3,447,7,50,451.0437892005,tap,lctrl
PFC,PFC037,B3,448,7,51,451.2054465003,stimulus,
PFC,PFC037,B3,448,7,51,451.8917959007,tap,lctrl
PFC,PFC037,B3,449,7,52,451.9554580003,stimulus,
PFC,PFC037,B3,449,7,52,452.6597191999,tap,rctrl
PFC,PFC037,B3,450,7,53,452.7054695003,stimulus,
PFC,PFC037,B3,451,7,54,453.4554954004,stimulus,
PFC,PFC037,B3,451,7,54,453.4597850004,tap,rctrl
PFC,PFC037,B3,451,7,54,454.1957671000,tap,rctrl
PFC,PFC037,B3,452,7,55,454.2055004006,stimulus,
PFC,PFC037,B3,452,7,55,454.9478770001,tap,lctrl
PFC,PFC037,B3,453,7,56,454.9555155998,stimulus,
PFC,PFC037,B3,454,7,57,455.7055406002,stimulus,
PFC,PFC037,B3,454,7,57,455.7318103006,tap,lctrl
PFC,PFC037,B3,455,7,58,456.4555508997,stimulus,
PFC,PFC037,B3,455,7,58,456.5318040000,tap,rctrl
PFC,PFC037,B3,456,7,59,457.2055703998,stimulus,
PFC,PFC037,B3,456,7,59,457.2837120006,tap,rctrl
PFC,PFC037,B3,457,7,60,457.9555815002,stimulus,
PFC,PFC037,B3,457,7,60,458.0197325004,tap,rctrl
PFC,PFC037,B3,457,7,60,458.6597874006,tap,rctrl
PFC,PFC037,B3,458,7,61,458.7055895003,stimulus,
PFC,PFC037,B3,458,7,61,459.3958314005,tap,rctrl
PFC,PFC037,B3,459,7,62,459.4556109002,stimulus,
PFC,PFC037,B3,459,7,62,460.1637931000,tap,rctrl
PFC,PFC037,B3,460,7,63,460.2056242004,stimulus,
PFC,PFC037,B3,460,7,63,460.9157357002,tap,lctrl
PFC,PFC037,B3,461,7,64,460.9556277003,stimulus,
PFC,PFC037,B3,462,7,65,461.7056577001,stimulus,
PFC,PFC037,B3,462,7,65,461.7157517998,tap,lctrl
PFC,PFC037,B3,463,7,66,462.4556688005,stimulus,
PFC,PFC037,B3,463,7,66,462.4997393005,tap,rctrl
PFC,PFC037,B3,463,7,66,463.2038259003,tap,rctrl
PFC,PFC037,B3,464,7,67,463.2056689002,stimulus,
PFC,PFC037,B3,464,7,67,463.8918091999,tap,rctrl
PFC,PFC037,B3,465,7,68,463.9557117000,stimulus,
PFC,PFC037,B3,465,7,68,464.6437904006,tap,rctrl
PFC,PFC037,B3,466,7,69,464.7057066998,stimulus,
PFC,PFC037,B3,466,7,69,465.3958108006,tap,lctrl
PFC,PFC037,B3,467,7,70,465.4557244005,stimulus,
PFC,PFC037,B3,468,7,71,466.2057460006,stimulus,
PFC,PFC037,B3,468,7,71,466.2117927000,tap,lctrl
PFC,PFC037,B3,468,7,71,466.9477720000,tap,lctrl
PFC,PFC037,B3,469,7,72,466.9557415005,stimulus,
PFC,PFC037,B3,469,7,72,467.6197639005,tap,lctrl
PFC,PFC037,B3,470,7,73,467.7057637004,stimulus,
PFC,PFC037,B3,470,7,73,468.3717681998,tap,lctrl
PFC,PFC037,B3,471,7,74,468.4557766998,stimulus,
PFC,PFC037,B3,471,7,74,469.0917290999,tap,lctrl
PFC,PFC037,B3,472,7,75,469.2057936005,stimulus,
PFC,PFC037,B3,472,7,75,469.9238125999,tap,rctrl
PFC,PFC037,B3,473,7,76,469.9557939004,stimulus,
PFC,PFC037,B3,473,7,76,470.6917351000,tap,rctrl
PFC,PFC037,B3,474,7,77,470.7058084998,stimulus,
PFC,PFC037,B3,475,7,78,471.4558311002,stimulus,
PFC,PFC037,B3,475,7,78,471.5397879006,tap,lctrl
PFC,PFC037,B3,476,7,79,472.2058481006,stimulus,
PFC,PFC037,B3,476,7,79,472.3717651004,tap,rctrl
PFC,PFC037,B3,477,7,80,472.9558572005,stimulus,
PFC,PFC037,B3,477,7,80,473.0117776999,tap,rctrl
PFC,PFC037,B3,478,7,81,473.7058699001,stimulus,
PFC,PFC037,B3,478,7,81,473.7157652006,tap,rctrl
PFC,PFC037,B3,478,7,81,474.4518293003,tap,lctrl
PFC,PFC037,B3,479,7,82,474.4558723001,stimulus,
PFC,PFC037,B3,480,7,83,475.2058989005,stimulus,
PFC,PFC037,B3,480,7,83,475.2517643999,tap,rctrl
PFC,PFC037,B3,480,7,83,475.8917632001,tap,rctrl
PFC,PFC037,B3,481,7,84,475.9559038999,stimulus,
PFC,PFC037,B3,481,7,84,476.6597707001,tap,rctrl
PFC,PFC037,B3,482,7,85,476.7059118999,stimulus,
PFC,PFC037,B3,482,7,85,477.3157338006,tap,lctrl
PFC,PFC037,B3,483,7,86,477.4559346000,stimulus,
PFC,PFC037,B3,483,7,86,478.1318113003,tap,lctrl
PFC,PFC037,B3,484,7,87,478.2059479998,stimulus,
PFC,PFC037,B3,485,7,88,478.9559673006,stimulus,
PFC,PFC037,B3,485,7,88,478.9797874000,tap,rctrl
PFC,PFC037,B3,486,7,89,479.7059794003,stimulus,
PFC,PFC037,B3,486,7,89,479.8118564002,tap,rctrl
PFC,PFC037,B3,486,7,89,480.4517282005,tap,lctrl
PFC,PFC037,B3,487,7,90,480.4559807004,stimulus,
PFC,PFC037,B3,488,7,90,485.4964259006,probe1,3
PFC,PFC037,B3,488,7,90,488.5313985003,probe2,0
PFC,PFC037,B3,488,7,90,490.7339426000,probe3,0
PFC,PFC037,B3,489,8,1,491.5021385998,stimulus,
PFC,PFC037,B3,489,8,1,491.6837221999,tap,rctrl
PFC,PFC037,B3,490,8,2,492.2521029999,stimulus,
PFC,PFC037,B3,490,8,2,492.2757737003,tap,lctrl
PFC,PFC037,B3,490,8,2,492.9637802001,tap,rctrl
PFC,PFC037,B3,491,8,3,493.0021120002,stimulus,
PFC,PFC037,B3,492,8,4,493.7521364000,stimulus,
PFC,PFC037,B3,492,8,4,493.7798099006,tap,rctrl
PFC,PFC037,B3,493,8,5,494.5021545999,stimulus,
PFC,PFC037,B3,493,8,5,494.5158051001,tap,rctrl
PFC,PFC037,B3,493,8,5,495.2037291005,tap,lctrl
PFC,PFC037,B3,494,8,6,495.2521615000,stimulus,
PFC,PFC037,B3,495,8,7,496.0021933001,stimulus,
PFC,PFC037,B3,495,8,7,496.0358033003,tap,lctrl
PFC,PFC037,B3,496,8,8,496.7522034999,stimulus,
PFC,PFC037,B3,496,8,8,496.8197266003,tap,lctrl
PFC,PFC037,B3,497,8,9,497.5022176001,stimulus,
PFC,PFC037,B3,497,8,9,497.5397872003,tap,rctrl
PFC,PFC037,B3,498,8,10,498.2522363998,stimulus,
PFC,PFC037,B3,498,8,10,498.2757628998,tap,rctrl
PFC,PFC037,B3,498,8,10,498.9958163006,tap,rctrl
PFC,PFC037,B3,499,8,11,499.0022384999,stimulus,
PFC,PFC037,B3,499,8,11,499.6677847998,tap,lctrl
PFC,PFC037,B3,500,8,12,499.7522582002,stimulus,
PFC,PFC037,B3,500,8,12,500.4998129997,tap,lctrl
PFC,PFC037,B3,501,8,13,500.5022668000,stimulus,
PFC,PFC037,B3,501,8,13,501.2197619006,tap,rctrl
PFC,PFC037,B3,502,8,14,501.2522833003,stimulus,
PFC,PFC037,B3,502,8,14,501.9237887003,tap,rctrl
PFC,PFC037,B3,503,8,15,502.0022994000,stimulus,
PFC,PFC037,B3,503,8,15,502.7237915006,tap,rctrl
PFC,PFC037,B3,504,8,16,502.7523125000,stimulus,
PFC,PFC037,B3,505,8,17,503.5023405999,stimulus,
PFC,PFC037,B3,505,8,17,503.5397503003,tap,lctrl
PFC,PFC037,B3,506,8,18,504.2523565004,stimulus,
PFC,PFC037,B3,506,8,18,504.2757754000,tap,lctrl
PFC,PFC037,B3,506,8,18,504.9638258005,tap,rctrl
PFC,PFC037,B3,507,8,19,505.0023778006,stimulus,
PFC,PFC037,B3,508,8,20,505.7523875004,stimulus,
PFC,PFC037,B3,508,8,20,505.7638015002,tap,rctrl
PFC,PFC037,B3,509,8,21,506.5024048006,stimulus,
PFC,PFC037,B3,509,8,21,506.5157222003,tap,lctrl
PFC,PFC037,B3,509,8,21,507.2518698005,tap,lctrl
PFC,PFC037,B3,510,8,22,507.2524100002,stimulus,
PFC,PFC037,B3,510,8,22,507.9877829002,tap,lctrl
PFC,PFC037,B3,511,8,23,508.0024266997,stimulus,
PFC,PFC037,B3,511,8,23,508.7238103999,tap,rctrl
PFC,PFC037,B3,512,8,24,508.7524589999,stimulus,
PFC,PFC037,B3,513,8,25,509.5024658004,stimulus,
PFC,PFC037,B3,513,8,25,509.6197298998,tap,rctrl
PFC,PFC037,B3,514,8,26,510.2524819998,stimulus,
PFC,PFC037,B3,514,8,26,510.2917483002,tap,rctrl
PFC,PFC037,B3,514,8,26,510.9478000002,tap,rctrl
PFC,PFC037,B3,515,8,27,511.0024933005,stimulus,
PFC,PFC037,B3,515,8,27,511.7318195999,tap,lctrl
PFC,PFC037,B3,516,8,28,511.7525089998,stimulus,
PFC,PFC037,B3,516,8,28,512.4678786006,tap,lctrl
PFC,PFC037,B3,517,8,29,512.5025225999,stimulus,
PFC,PFC037,B3,517,8,29,513.2357795006,tap,lctrl
PFC,PFC037,B3,518,8,30,513.2525343001,stimulus,
PFC,PFC037,B3,519,8,31,514.0025840001,stimulus,
PFC,PFC037,B3,519,8,31,514.0037901001,tap,lctrl
PFC,PFC037,B3,519,8,31,514.7078299001,tap,rctrl
PFC,PFC037,B3,520,8,32,514.7525813999,stimulus,
PFC,PFC037,B3,521,8,33,515.5026003001,stimulus,
PFC,PFC037,B3,521,8,33,515.5237673000,tap,rctrl
PFC,PFC037,B3,522,8,34,516.2526131002,stimulus,
PFC,PFC037,B3,522,8,34,516.2597631998,tap,rctrl
PFC,PFC037,B3,522,8,34,516.9797643004,tap,rctrl
PFC,PFC037,B3,523,8,35,517.0026123999,stimulus,
PFC,PFC037,B3,523,8,35,517.6997808004,tap,rctrl
PFC,PFC037,B3,524,8,36,517.7526360005,stimulus,
PFC,PFC037,B3,524,8,36,518.4998000003,tap,lctrl
PFC,PFC037,B3,525,8,37,518.5026497003,stimulus,
PFC,PFC037,B3,526,8,38,519.2526774006,stimulus,
PFC,PFC037,B3,526,8,38,519.3477549003,tap,lctrl
PFC,PFC037,B3,527,8,39,520.0026925998,stimulus,
PFC,PFC037,B3,527,8,39,520.0037508002,tap,rctrl
PFC,PFC037,B3,528,8,40,520.7527004005,stimulus,
PFC,PFC037,B3,528,8,40,520.7557458999,tap,rctrl
PFC,PFC037,B3,529,8,41,521.5027171001,stimulus,
PFC,PFC037,B3,529,8,41,521.5077742003,tap,rctrl
PFC,PFC037,B3,529,8,41,522.2438417999,tap,lctrl
PFC,PFC037,B3,530,8,42,522.2527187001,stimulus,
PFC,PFC037,B3,530,8,42,522.9957370004,tap,lctrl
PFC,PFC037,B3,531,8,43,523.0027331999,stimulus,
PFC,PFC037,B3,531,8,43,523.7317630006,tap,lctrl
PFC,PFC037,B3,532,8,44,523.7527509006,stimulus,
PFC,PFC037,B3,532,8,44,524.4357839003,tap,rctrl
PFC,PFC037,B3,533,8,45,524.5027684998,stimulus,
PFC,PFC037,B3,533,8,45,525.2357627004,tap,rctrl
PFC,PFC037,B3,534,8,46,525.2527803006,stimulus,
PFC,PFC037,B3,535,8,47,526.0028120000,stimulus,
PFC,PFC037,B3,535,8,47,526.0037604002,tap,rctrl
PFC,PFC037,B3,536,8,48,526.7528175004,stimulus,
PFC,PFC037,B3,536,8,48,526.7557675000,tap,rctrl
PFC,PFC037,B3,536,8,48,527.4757470004,tap,rctrl
PFC,PFC037,B3,537,8,49,527.5028275000,stimulus,
PFC,PFC037,B3,538,8,50,528.2528571002,stimulus,
PFC,PFC037,B3,538,8,50,528.2757176999,tap,lctrl
PFC,PFC037,B3,539,8,51,529.0028633000,stimulus,
PFC,PFC037,B3,539,8,51,529.0437873006,tap,lctrl
PFC,PFC037,B3,540,8,52,529.7528829006,stimulus,
PFC,PFC037,B3,540,8,52,529.7798937000,tap,lctrl
PFC,PFC037,B3,541,8,53,530.5029007001,stimulus,
PFC,PFC037,B3,541,8,53,530.5157711003,tap,rctrl
PFC,PFC037,B3,542,8,54,531.2529165000,stimulus,
PFC,PFC037,B3,542,8,54,531.2838148000,tap,rctrl
PFC,PFC037,B3,543,8,55,532.0029298998,stimulus,
PFC,PFC037,B3,543,8,55,532.0037976000,tap,rctrl
PFC,PFC037,B3,544,8,56,532.7529493999,stimulus,
PFC,PFC037,B3,544,8,56,532.7877969006,tap,rctrl
PFC,PFC037,B3,545,8,57,533.5029683001,stimulus,
PFC,PFC037,B3,545,8,57,533.5718724998,tap,lctrl
PFC,PFC037,B3,546,8,58,534.2529746005,stimulus,
PFC,PFC037,B3,546,8,58,534.3077744003,tap,lctrl
PFC,PFC037,B3,547,8,59,535.0029891999,stimulus,
PFC,PFC037,B3,547,8,59,535.0277495999,tap,lctrl
PFC,PFC037,B3,547,8,59,535.7318625003,tap,lctrl
PFC,PFC037,B3,548,8,60,535.7530060001,stimulus,
PFC,PFC037,B3,548,8,60,536.4677805007,tap,rctrl
PFC,PFC037,B3,549,8,61,536.5030048005,stimulus,
PFC,PFC037,B3,549,8,61,537.2037428999,tap,rctrl
PFC,PFC037,B3,550,8,62,537.2530191001,stimulus,
PFC,PFC037,B3,550,8,62,537.9557514004,tap,rctrl
PFC,PFC037,B3,551,8,63,538.0030295001,stimulus,
PFC,PFC037,B3,552,8,64,538.7530583004,stimulus,
PFC,PFC037,B3,552,8,64,538.7557437997,tap,rctrl
PFC,PFC037,B3,553,8,65,539.5030786004,stimulus,
PFC,PFC037,B3,553,8,65,539.6357514998,tap,lctrl
PFC,PFC037,B3,554,8,66,540.2530949004,stimulus,
PFC,PFC037,B3,554,8,66,540.2597548002,tap,lctrl
PFC,PFC037,B3,555,8,67,541.0031069005,stimulus,
PFC,PFC037,B3,555,8,67,541.0277781999,tap,lctrl
PFC,PFC037,B3,555,8,67,541.7317591002,tap,lctrl
PFC,PFC037,B3,556,8,68,541.7531125005,stimulus,
PFC,PFC037,B3,557,8,69,542.5031395005,stimulus,
PFC,PFC037,B3,557,8,69,542.5157757998,tap,lctrl
PFC,PFC037,B3,558,8,70,543.2531518005,stimulus,
PFC,PFC037,B3,558,8,70,543.2677942999,tap,rctrl
PFC,PFC037,B3,558,8,70,543.9877716005,tap,rctrl
PFC,PFC037,B3,559,8,71,544.0031579006,stimulus,
PFC,PFC037,B3,560,8,72,544.7531909002,stimulus,
PFC,PFC037,B3,560,8,72,544.8037490007,tap,rctrl
PFC,PFC037,B3,560,8,72,545.4917587005,tap,lctrl
PFC,PFC037,B3,561,8,73,545.5031922003,stimulus,
PFC,PFC037,B3,562,8,74,546.2532175006,stimulus,
PFC,PFC037,B3,562,8,74,546.2757620998,tap,lctrl
PFC,PFC037,B3,562,8,74,546.9637560006,tap,lctrl
PFC,PFC037,B3,563,8,75,547.0032192003,stimulus,
PFC,PFC037,B3,563,8,75,547.7477642000,tap,rctrl
PFC,PFC037,B3,564,8,76,547.7532329001,stimulus,
PFC,PFC037,B3,565,8,77,548.5032659005,stimulus,
PFC,PFC037,B3,565,8,77,548.5158134000,tap,rctrl
PFC,PFC037,B3,565,8,77,549.2518909005,tap,rctrl
PFC,PFC037,B3,566,8,78,549.2532674000,stimulus,
PFC,PFC037,B3,566,8,78,549.9717588006,tap,rctrl
PFC,PFC037,B3,567,8,79,550.0032807002,stimulus,
PFC,PFC037,B3,567,8,79,550.7077501006,tap,rctrl
PFC,PFC037,B3,568,8,80,550.7533002999,stimulus,
PFC,PFC037,B3,568,8,80,551.4597522002,tap,rctrl
PFC,PFC037,B3,569,8,81,551.5033216998,stimulus,
PFC,PFC037,B3,569,8,81,552.1957557006,tap,lctrl
PFC,PFC037,B3,570,8,82,552.2533271005,stimulus,
PFC,PFC037,B3,570,8,82,552.9637910007,tap,lctrl
PFC,PFC037,B3,571,8,82,559.5910515999,probe1,3
PFC,PFC037,B3,571,8,82,562.2760204002,probe2,0
PFC,PFC037,B3,571,8,82,565.6454132004,probe3,0
PFC,PFC037,B3,572,9,1,566.4133382998,stimulus,
PFC,PFC037,B3,572,9,1,566.4138705004,tap,rctrl
PFC,PFC037,B3,572,9,1,567.0757499998,tap,lctrl
PFC,PFC037,B3,573,9,2,567.1632869001,stimulus,
PFC,PFC037,B3,573,9,2,567.7957643000,tap,lctrl
PFC,PFC037,B3,574,9,3,567.9133045003,stimulus,
PFC,PFC037,B3,574,9,3,568.5638198005,tap,lctrl
PFC,PFC037,B3,575,9,4,568.6633149004,stimulus,
PFC,PFC037,B3,575,9,4,569.3319210000,tap,rctrl
PFC,PFC037,B3,576,9,5,569.4133274006,stimulus,
PFC,PFC037,B3,576,9,5,570.0997206001,tap,rctrl
PFC,PFC037,B3,577,9,6,570.1633460000,stimulus,
PFC,PFC037,B3,577,9,6,570.8838665001,tap,rctrl
PFC,PFC037,B3,578,9,7,570.9133587005,stimulus,
PFC,PFC037,B3,578,9,7,571.5559024001,tap,rctrl
PFC,PFC037,B3,579,9,8,571.6633751998,stimulus,
PFC,PFC037,B3,579,9,8,572.2278284002,tap,rctrl
PFC,PFC037,B3,580,9,9,572.4133798005,stimulus,
PFC,PFC037,B3,580,9,9,572.9957869006,tap,rctrl
PFC,PFC037,B3,581,9,10,573.1633990007,stimulus,
PFC,PFC037,B3,581,9,10,573.8277583001,tap,lctrl
PFC,PFC037,B3,582,9,11,573.9134064000,stimulus,
PFC,PFC037,B3,582,9,11,574.5638726000,tap,lctrl
PFC,PFC037,B3,583,9,12,574.6634264998,stimulus,
PFC,PFC037,B3,583,9,12,575.2997307004,tap,rctrl
PFC,PFC037,B3,584,9,13,575.4134410005,stimulus,
PFC,PFC037,B3,584,9,13,576.0677645998,tap,rctrl
PFC,PFC037,B3,585,9,14,576.1634525005,stimulus,
PFC,PFC037,B3,585,9,14,576.8037579004,tap,rctrl
PFC,PFC037,B3,586,9,15,576.9134684000,stimulus,
PFC,PFC037,B3,586,9,15,577.5717128003,tap,lctrl
PFC,PFC037,B3,587,9,16,577.6634830004,stimulus,
PFC,PFC037,B3,587,9,16,578.3557858001,tap,lctrl
PFC,PFC037,B3,588,9,17,578.4134894004,stimulus,
PFC,PFC037,B3,588,9,17,579.0758073004,tap,lctrl
PFC,PFC037,B3,589,9,18,579.1635122998,stimulus,
PFC,PFC037,B3,589,9,18,579.8758140001,tap,rctrl
PFC,PFC037,B3,590,9,19,579.9135199003,stimulus,
PFC,PFC037,B3,590,9,19,580.5957257003,tap,rctrl
PFC,PFC037,B3,591,9,20,580.6635320000,stimulus,
PFC,PFC037,B3,591,9,20,581.3638083003,tap,rctrl
PFC,PFC037,B3,592,9,21,581.4135418003,stimulus,
PFC,PFC037,B3,592,9,21,582.0837861001,tap,lctrl
PFC,PFC037,B3,593,9,22,582.1635622000,stimulus,
PFC,PFC037,B3,593,9,22,582.8357266998,tap,lctrl
PFC,PFC037,B3,594,9,23,582.9135760004,stimulus,
PFC,PFC037,B3,594,9,23,583.5717310002,tap,lctrl
PFC,PFC037,B3,595,9,24,583.6635848004,stimulus,
PFC,PFC037,B3,595,9,24,584.2757213004,tap,lctrl
PFC,PFC037,B3,596,9,25,584.4136000006,stimulus,
PFC,PFC037,B3,596,9,25,585.0277263001,tap,lctrl
PFC,PFC037,B3,597,9,26,585.1636121999,stimulus,
PFC,PFC037,B3,597,9,26,585.8117593005,tap,lctrl
PFC,PFC037,B3,598,9,27,585.9136255002,stimulus,
PFC,PFC037,B3,598,9,27,586.6597800003,tap,rctrl
PFC,PFC037,B3,599,9,28,586.6636300003,stimulus,
PFC,PFC037,B3,599,9,28,587.3797257002,tap,rctrl
PFC,PFC037,B3,600,9,29,587.4136509998,stimulus,
PFC,PFC037,B3,600,9,29,588.1157499002,tap,rctrl
PFC,PFC037,B3,601,9,30,588.1636612006,stimulus,
PFC,PFC037,B3,601,9,30,588.8997279005,tap,lctrl
PFC,PFC037,B3,602,9,31,588.9136682004,stimulus,
PFC,PFC037,B3,602,9,31,589.6197330998,tap,lctrl
PFC,PFC037,B3,603,9,32,589.6636926001,stimulus,
PFC,PFC037,B3,603,9,32,590.3557145000,tap,lctrl
PFC,PFC037,B3,604,9,33,590.4137088004,stimulus,
PFC,PFC037,B3,604,9,33,591.1237474000,tap,rctrl
PFC,PFC037,B3,605,9,34,591.1637153998,stimulus,
PFC,PFC037,B3,605,9,34,591.8117439002,tap,rctrl
PFC,PFC037,B3,606,9,35,591.9137385003,stimulus,
PFC,PFC037,B3,606,9,35,592.5637900000,tap,rctrl
PFC,PFC037,B3,607,9,36,592.6637614006,stimulus,
PFC,PFC037,B3,607,9,36,593.2679166999,tap,rctrl
PFC,PFC037,B3,608,9,37,593.4137746003,stimulus,
PFC,PFC037,B3,608,9,37,594.0037671998,tap,rctrl
PFC,PFC037,B3,609,9,38,594.1637813998,stimulus,
PFC,PFC037,B3,609,9,38,594.8197160000,tap,rctrl
PFC,PFC037,B3,610,9,39,594.9137924006,stimulus,
PFC,PFC037,B3,610,9,39,595.5557609005,tap,lctrl
PFC,PFC037,B3,611,9,40,595.6638146006,stimulus,
PFC,PFC037,B3,611,9,40,596.3077677004,tap,lctrl
PFC,PFC037,B3,612,9,41,596.4138265001,stimulus,
PFC,PFC037,B3,612,9,41,597.0439122003,tap,lctrl
PFC,PFC037,B3,613,9,42,597.1638566004,stimulus,
PFC,PFC037,B3,613,9,42,597.7957592001,tap,lctrl
PFC,PFC037,B3,614,9,43,597.9138542004,stimulus,
PFC,PFC037,B3,614,9,43,598.5317395004,tap,lctrl
PFC,PFC037,B3,615,9,44,598.6638654005,stimulus,
PFC,PFC037,B3,615,9,44,599.3157387003,tap,lctrl
PFC,PFC037,B3,616,9,45,599.4138798006,stimulus,
PFC,PFC037,B3,616,9,45,600.0677626999,tap,rctrl
PFC,PFC037,B3,617,9,46,600.1638914999,stimulus,
PFC,PFC037,B3,617,9,46,600.8037938001,tap,rctrl
PFC,PFC037,B3,618,9,47,600.9139071004,stimulus,
PFC,PFC037,B3,618,9,47,601.6517460002,tap,rctrl
PFC,PFC037,B3,619,9,48,601.6639240999,stimulus,
PFC,PFC037,B3,619,9,48,602.3077444006,tap,rctrl
PFC,PFC037,B3,620,9,49,602.4139457000,stimulus,
PFC,PFC037,B3,620,9,49,603.1397445006,tap,rctrl
PFC,PFC037,B3,621,9,50,603.1639454998,stimulus,
PFC,PFC037,B3,621,9,50,603.8437397005,tap,rctrl
PFC,PFC037,B3,622,9,51,603.9139566999,stimulus,
PFC,PFC037,B3,622,9,51,604.5957522001,tap,lctrl
PFC,PFC037,B3,623,9,52,604.6639736006,stimulus,
PFC,PFC037,B3,623,9,52,605.3797519002,tap,lctrl
PFC,PFC037,B3,624,9,53,605.4139858000,stimulus,
PFC,PFC037,B3,624,9,53,606.1317412006,tap,lctrl
PFC,PFC037,B3,625,9,54,606.1639957000,stimulus,
PFC,PFC037,B3,625,9,54,606.8837620001,tap,lctrl
PFC,PFC037,B3,626,9,55,606.9140127003,stimulus,
PFC,PFC037,B3,626,9,55,607.6198057001,tap,lctrl
PFC,PFC037,B3,627,9,56,607.6640253998,stimulus,
PFC,PFC037,B3,627,9,56,608.3557612002,tap,lctrl
PFC,PFC037,B3,628,9,57,608.4140389003,stimulus,
PFC,PFC037,B3,628,9,57,609.0917512001,tap,rctrl
PFC,PFC037,B3,629,9,58,609.1640618006,stimulus,
PFC,PFC037,B3,629,9,58,609.8757696003,tap,rctrl
PFC,PFC037,B3,630,9,59,609.9140710998,stimulus,
PFC,PFC037,B3,630,9,59,610.6597367004,tap,rctrl
PFC,PFC037,B3,631,9,60,610.6640714006,stimulus,
PFC,PFC037,B3,631,9,60,611.3638118003,tap,lctrl
PFC,PFC037,B3,632,9,61,611.4140897002,stimulus,
PFC,PFC037,B3,632,9,61,612.0998653006,tap,lctrl
PFC,PFC037,B3,633,9,62,612.1641124003,stimulus,
PFC,PFC037,B3,633,9,62,612.8197611002,tap,lctrl
PFC,PFC037,B3,634,9,63,612.9141234998,stimulus,
PFC,PFC037,B3,634,9,63,613.6197825000,tap,lctrl
PFC,PFC037,B3,635,9,64,613.6641771002,stimulus,
PFC,PFC037,B3,635,9,64,614.3557537002,tap,rctrl
PFC,PFC037,B3,636,9,65,614.4141458999,stimulus,
PFC,PFC037,B3,636,9,65,615.0917571997,tap,rctrl
PFC,PFC037,B3,637,9,66,615.1641630000,stimulus,
PFC,PFC037,B3,637,9,66,615.7958330000,tap,rctrl
PFC,PFC037,B3,638,9,67,615.9141782001,stimulus,
PFC,PFC037,B3,638,9,67,616.5638800999,tap,rctrl
PFC,PFC037,B3,639,9,68,616.6641936004,stimulus,
PFC,PFC037,B3,639,9,68,617.2677490003,tap,rctrl
PFC,PFC037,B3,640,9,69,617.4142260002,stimulus,
PFC,PFC037,B3,640,9,69,617.9878733000,tap,lctrl
PFC,PFC037,B3,641,9,70,618.1642348003,stimulus,
PFC,PFC037,B3,641,9,70,618.7877481999,tap,lctrl
PFC,PFC037,B3,642,9,71,618.9142492004,stimulus,
PFC,PFC037,B3,642,9,71,619.5718053002,tap,lctrl
PFC,PFC037,B3,643,9,71,624.4925653003,probe1,3
PFC,PFC037,B3,643,9,71,627.4457481001,probe2,0
PFC,PFC037,B3,643,9,71,630.6985857999,probe3,0
PFC,PFC037,B3,644,10,1,631.4668091005,stimulus,
PFC,PFC037,B3,644,10,1,631.5237488002,tap,rctrl
PFC,PFC037,B3,644,10,1,632.2118063997,tap,lctrl
PFC,PFC037,B3,645,10,2,632.2166161006,stimulus,
PFC,PFC037,B3,645,10,2,632.9157437999,tap,lctrl
PFC,PFC037,B3,646,10,3,632.9666344998,stimulus,
PFC,PFC037,B3,647,10,4,633.7166566001,stimulus,
PFC,PFC037,B3,647,10,4,633.7957394999,tap,lctrl
PFC,PFC037,B3,648,10,5,634.4666710999,stimulus,
PFC,PFC037,B3,648,10,5,634.4677276006,tap,rctrl
PFC,PFC037,B3,649,10,6,635.2166828001,stimulus,
PFC,PFC037,B3,649,10,6,635.2838489003,tap,lctrl
PFC,PFC037,B3,649,10,6,635.9237528006,tap,rctrl
PFC,PFC037,B3,650,10,7,635.9666831000,stimulus,
PFC,PFC037,B3,650,10,7,636.6917881006,tap,rctrl
PFC,PFC037,B3,651,10,8,636.7167004999,stimulus,
PFC,PFC037,B3,651,10,8,637.4277383005,tap,rctrl
PFC,PFC037,B3,652,10,9,637.4667178998,stimulus,
PFC,PFC037,B3,652,10,9,638.1477509001,tap,lctrl
PFC,PFC037,B3,653,10,10,638.2167420005,stimulus,
PFC,PFC037,B3,654,10,11,638.9667616002,stimulus,
PFC,PFC037,B3,654,10,11,638.9797784006,tap,lctrl
PFC,PFC037,B3,654,10,11,639.6357915001,tap,rctrl
PFC,PFC037,B3,655,10,12,639.7167618005,stimulus,
PFC,PFC037,B3,655,10,12,640.4517151006,tap,rctrl
PFC,PFC037,B3,656,10,13,640.4667729000,stimulus,
PFC,PFC037,B3,656,10,13,641.1557478998,tap,rctrl
PFC,PFC037,B3,657,10,14,641.2167920005,stimulus,
PFC,PFC037,B3,657,10,14,641.9237497998,tap,rctrl
PFC,PFC037,B3,658,10,15,641.9668028001,stimulus,
PFC,PFC037,B3,658,10,15,642.6437734999,tap,rctrl
PFC,PFC037,B3,659,10,16,642.7168156998,stimulus,
PFC,PFC037,B3,660,10,17,643.4668382006,stimulus,
PFC,PFC037,B3,660,10,17,643.4917617999,tap,lctrl
PFC,PFC037,B3,660,10,17,644.2117969003,tap,lctrl
PFC,PFC037,B3,661,10,18,644.2168486007,stimulus,
PFC,PFC037,B3,661,10,18,644.9317755001,tap,lctrl
PFC,PFC037,B3,662,10,19,644.9668572005,stimulus,
PFC,PFC037,B3,662,10,19,645.6517217001,tap,lctrl
PFC,PFC037,B3,663,10,20,645.7168795997,stimulus,
PFC,PFC037,B3,663,10,20,646.4038084000,tap,lctrl
PFC,PFC037,B3,664,10,21,646.4668974001,stimulus,
PFC,PFC037,B3,664,10,21,647.1237487001,tap,rctrl
PFC,PFC037,B3,665,10,22,647.2169129997,stimulus,
PFC,PFC037,B3,665,10,22,647.9397525005,tap,rctrl
PFC,PFC037,B3,666,10,23,647.9669205006,stimulus,
PFC,PFC037,B3,666,10,23,648.6597319003,tap,rctrl
PFC,PFC037,B3,667,10,24,648.7169353003,stimulus,
PFC,PFC037,B3,667,10,24,649.3957708003,tap,lctrl
PFC,PFC037,B3,668,10,25,649.4669594998,stimulus,
PFC,PFC037,B3,668,10,25,650.1157443002,tap,lctrl
PFC,PFC037,B3,669,10,26,650.2169754999,stimulus,
PFC,PFC037,B3,669,10,26,650.8680257006,tap,lctrl
PFC,PFC037,B3,670,10,27,650.9669861998,stimulus,
PFC,PFC037,B3,670,10,27,651.6517919004,tap,lctrl
PFC,PFC037,B3,671,10,28,651.7170042004,stimulus,
PFC,PFC037,B3,671,10,28,652.3717227001,tap,lctrl
PFC,PFC037,B3,672,10,29,652.4670195999,stimulus,
PFC,PFC037,B3,672,10,29,653.0917377006,tap,rctrl
PFC,PFC037,B3,673,10,30,653.2170361001,stimulus,
PFC,PFC037,B3,673,10,30,653.8757447004,tap,rctrl
PFC,PFC037,B3,674,10,31,653.9670457002,stimulus,
PFC,PFC037,B3,674,10,31,654.6757257003,tap,rctrl
PFC,PFC037,B3,675,10,32,654.7170634000,stimulus,
PFC,PFC037,B3,676,10,33,655.4670874998,stimulus,
PFC,PFC037,B3,676,10,33,655.4757618001,tap,lctrl
PFC,PFC037,B3,676,10,33,656.1797125004,tap,lctrl
PFC,PFC037,B3,677,10,34,656.2170842998,stimulus,
PFC,PFC037,B3,677,10,34,656.8517525000,tap,lctrl
PFC,PFC037,B3,678,10,35,656.9671061002,stimulus,
PFC,PFC037,B3,678,10,35,657.5399376005,tap,lctrl
PFC,PFC037,B3,679,10,36,657.7171272999,stimulus,
PFC,PFC037,B3,679,10,36,658.3397839004,tap,rctrl
PFC,PFC037,B3,680,10,37,658.4671555003,stimulus,
PFC,PFC037,B3,680,10,37,659.0917306002,tap,rctrl
PFC,PFC037,B3,681,10,38,659.2171536004,stimulus,
PFC,PFC037,B3,681,10,38,659.7957578003,tap,rctrl
PFC,PFC037,B3,682,10,39,659.9671702003,stimulus,
PFC,PFC037,B3,682,10,39,660.6117676003,tap,lctrl
PFC,PFC037,B3,683,10,40,660.7171776006,stimulus,
PFC,PFC037,B3,683,10,40,661.3317518998,tap,lctrl
PFC,PFC037,B3,684,10,41,661.4671961004,stimulus,
PFC,PFC037,B3,684,10,41,662.0677602999,tap,lctrl
PFC,PFC037,B3,685,10,42,662.2172026997,stimulus,
PFC,PFC037,B3,685,10,42,662.8357488001,tap,lctrl
PFC,PFC037,B3,686,10,43,662.9672240000,stimulus,
PFC,PFC037,B3,686,10,43,663.6037964001,tap,lctrl
PFC,PFC037,B3,687,10,44,663.7172365002,stimulus,
PFC,PFC037,B3,687,10,44,664.3557956005,tap,lctrl
PFC,PFC037,B3,688,10,45,664.4672416998,stimulus,
PFC,PFC037,B3,689,10,46,665.2172600003,stimulus,
PFC,PFC037,B3,689,10,46,665.4757139999,tap,rctrl
PFC,PFC037,B3,690,10,47,665.9672761001,stimulus,
PFC,PFC037,B3,690,10,47,666.0037289001,tap,rctrl
PFC,PFC037,B3,690,10,47,666.6597456001,tap,rctrl
PFC,PFC037,B3,691,10,48,666.7172769001,stimulus,
PFC,PFC037,B3,691,10,48,667.3477466004,tap,lctrl
PFC,PFC037,B3,692,10,49,667.4672926003,stimulus,
PFC,PFC037,B3,692,10,49,668.2117576003,tap,lctrl
PFC,PFC037,B3,693,10,50,668.2173036002,stimulus,
PFC,PFC037,B3,694,10,51,668.9673389001,stimulus,
PFC,PFC037,B3,694,10,51,669.0917638000,tap,lctrl
PFC,PFC037,B3,695,10,52,669.7173516005,stimulus,
PFC,PFC037,B3,695,10,52,669.7477280004,tap,rctrl
PFC,PFC037,B3,695,10,52,670.4037461001,tap,rctrl
PFC,PFC037,B3,696,10,53,670.4673615005,stimulus,
PFC,PFC037,B3,697,10,54,671.2173835002,stimulus,
PFC,PFC037,B3,697,10,54,671.2356882999,tap,rctrl
PFC,PFC037,B3,698,10,55,671.9673981005,stimulus,
PFC,PFC037,B3,698,10,55,671.9717835002,tap,rctrl
PFC,PFC037,B3,699,10,56,672.7174097998,stimulus,
PFC,PFC037,B3,699,10,56,672.7237330005,tap,rctrl
PFC,PFC037,B3,699,10,56,673.3797928998,tap,rctrl
PFC,PFC037,B3,700,10,57,673.4674214004,stimulus,
PFC,PFC037,B3,700,10,57,674.0837447001,tap,lctrl
PFC,PFC037,B3,701,10,58,674.2174439002,stimulus,
PFC,PFC037,B3,701,10,58,674.7556570005,tap,lctrl
PFC,PFC037,B3,702,10,59,674.9674577005,stimulus,
PFC,PFC037,B3,702,10,59,675.4597657006,tap,lctrl
PFC,PFC037,B3,703,10,60,675.7174770003,stimulus,
PFC,PFC037,B3,703,10,60,676.2117368998,tap,lctrl
PFC,PFC037,B3,704,10,61,676.4674936002,stimulus,
PFC,PFC037,B3,704,10,61,676.9477363005,tap,lctrl
PFC,PFC037,B3,705,10,62,677.2175042005,stimulus,
PFC,PFC037,B3,705,10,62,677.7477903003,tap,lctrl
PFC,PFC037,B3,706,10,63,677.9675144004,stimulus,
PFC,PFC037,B3,706,10,63,678.4838452004,tap,lctrl
PFC,PFC037,B3,707,10,64,678.7175254002,stimulus,
PFC,PFC037,B3,707,10,64,679.2356959004,tap,rctrl
PFC,PFC037,B3,708,10,65,679.4675377002,stimulus,
PFC,PFC037,B3,708,10,65,679.9717228999,tap,rctrl
PFC,PFC037,B3,709,10,66,680.2175507005,stimulus,
PFC,PFC037,B3,709,10,66,680.6437300006,tap,rctrl
PFC,PFC037,B3,710,10,67,680.9675719999,stimulus,
PFC,PFC037,B3,710,10,67,681.2996759005,tap,lctrl
PFC,PFC037,B3,711,10,68,681.7175837001,stimulus,
PFC,PFC037,B3,711,10,68,682.1157232001,tap,rctrl
PFC,PFC037,B3,712,10,69,682.4676040998,stimulus,
PFC,PFC037,B3,712,10,69,682.8837227998,tap,rctrl
PFC,PFC037,B3,713,10,70,683.2176163001,stimulus,
PFC,PFC037,B3,713,10,70,683.6037627002,tap,lctrl
PFC,PFC037,B3,714,10,71,683.9676266005,stimulus,
PFC,PFC037,B3,714,10,71,684.3718165001,tap,lctrl
PFC,PFC037,B3,715,10,72,684.7176363003,stimulus,
PFC,PFC037,B3,715,10,72,685.2197529003,tap,lctrl
PFC,PFC037,B3,716,10,73,685.4676508000,stimulus,
PFC,PFC037,B3,716,10,73,685.9237583000,tap,lctrl
PFC,PFC037,B3,717,10,74,686.2176648006,stimulus,
PFC,PFC037,B3,717,10,74,686.6757954005,tap,lctrl
PFC,PFC037,B3,718,10,75,686.9676759001,stimulus,
PFC,PFC037,B3,718,10,75,687.3957748003,tap,lctrl
PFC,PFC037,B3,719,10,76,687.7176938998,stimulus,
PFC,PFC037,B3,719,10,76,687.9237312004,tap,lctrl
PFC,PFC037,B3,720,10,76,691.7820437998,probe1,3
PFC,PFC037,B3,720,10,76,695.0673742006,probe2,0
PFC,PFC037,B3,720,10,76,698.5204218999,probe3,0
PFC,PFC037,B3,721,11,1,699.2887975005,stimulus,
PFC,PFC037,B3,721,11,1,699.3637704002,tap,rctrl
PFC,PFC037,B3,721,11,1,700.0197721999,tap,lctrl
PFC,PFC037,B3,722,11,2,700.0387656000,stimulus,
PFC,PFC037,B3,722,11,2,700.7717455002,tap,lctrl
PFC,PFC037,B3,723,11,3,700.7887815004,stimulus,
PFC,PFC037,B3,723,11,3,701.4597618999,tap,rctrl
PFC,PFC037,B3,724,11,4,701.5387962004,stimulus,
PFC,PFC037,B3,724,11,4,702.1637347005,tap,rctrl
PFC,PFC037,B3,725,11,5,702.2888219003,stimulus,
PFC,PFC037,B3,725,11,5,702.9477523006,tap,rctrl
PFC,PFC037,B3,726,11,6,703.0388321001,stimulus,
PFC,PFC037,B3,726,11,6,703.6997076999,tap,rctrl
PFC,PFC037,B3,727,11,7,703.7888435004,stimulus,
PFC,PFC037,B3,728,11,8,704.5388623998,stimulus,
PFC,PFC037,B3,728,11,8,704.6117481003,tap,lctrl
PFC,PFC037,B3,729,11,9,705.2888815999,stimulus,
PFC,PFC037,B3,729,11,9,705.3317472003,tap,lctrl
PFC,PFC037,B3,729,11,9,705.8917859001,tap,rctrl
PFC,PFC037,B3,730,11,10,706.0389008000,stimulus,
PFC,PFC037,B3,730,11,10,706.6437462000,tap,rctrl
PFC,PFC037,B3,731,11,11,706.7889074003,stimulus,
PFC,PFC037,B3,731,11,11,707.2356789000,tap,rctrl
PFC,PFC037,B3,732,11,12,707.5389232002,stimulus,
PFC,PFC037,B3,732,11,12,708.2437311998,tap,rctrl
PFC,PFC037,B3,733,11,13,708.2889392003,stimulus,
PFC,PFC037,B3,733,11,13,709.0118183000,tap,lctrl
PFC,PFC037,B3,734,11,14,709.0389552005,stimulus,
PFC,PFC037,B3,735,11,15,709.7889753999,stimulus,
PFC,PFC037,B3,735,11,15,709.8276722003,tap,lctrl
PFC,PFC037,B3,735,11,15,710.5317799998,tap,rctrl
PFC,PFC037,B3,736,11,16,710.5389776006,stimulus,
PFC,PFC037,B3,736,11,16,711.2197433999,tap,rctrl
PFC,PFC037,B3,737,11,17,711.2889956003,stimulus,
PFC,PFC037,B3,737,11,17,711.9877418000,tap,rctrl
PFC,PFC037,B3,738,11,18,712.0390093001,stimulus,
PFC,PFC037,B3,738,11,18,712.6598254004,tap,rctrl
PFC,PFC037,B3,739,11,19,712.7890263004,stimulus,
PFC,PFC037,B3,739,11,19,713.3637482002,tap,lctrl
PFC,PFC037,B3,740,11,20,713.5390438000,stimulus,
PFC,PFC037,B3,740,11,20,714.1637449004,tap,lctrl
PFC,PFC037,B3,741,11,21,714.2890611002,stimulus,
PFC,PFC037,B3,741,11,21,715.0278401999,tap,lctrl
PFC,PFC037,B3,742,11,22,715.0390702002,stimulus,
PFC,PFC037,B3,743,11,23,715.7891028002,stimulus,
PFC,PFC037,B3,743,11,23,715.7958383998,tap,rctrl
PFC,PFC037,B3,744,11,24,716.5391098000,stimulus,
PFC,PFC037,B3,744,11,24,716.5797893004,tap,rctrl
PFC,PFC037,B3,745,11,25,717.2891290998,stimulus,
PFC,PFC037,B3,745,11,25,717.4437135998,tap,rctrl
PFC,PFC037,B3,746,11,26,718.0391457006,stimulus,
PFC,PFC037,B3,746,11,26,718.0836759005,tap,rctrl
PFC,PFC037,B3,746,11,26,718.7397338999,tap,rctrl
PFC,PFC037,B3,747,11,27,718.7891468005,stimulus,
PFC,PFC037,B3,747,11,27,719.4757412001,tap,rctrl
PFC,PFC037,B3,748,11,28,719.5391683001,stimulus,
PFC,PFC037,B3,748,11,28,720.1957493005,tap,lctrl
PFC,PFC037,B3,749,11,29,720.2891810006,stimulus,
PFC,PFC037,B3,749,11,29,720.9477174003,tap,lctrl
PFC,PFC037,B3,750,11,30,721.0391961001,stimulus,
PFC,PFC037,B3,750,11,30,721.6517465999,tap,lctrl
PFC,PFC037,B3,751,11,31,721.7892179005,stimulus,
PFC,PFC037,B3,751,11,31,722.4837578004,tap,rctrl
PFC,PFC037,B3,752,11,32,722.5392153002,stimulus,
PFC,PFC037,B3,752,11,32,723.2517383005,tap,rctrl
PFC,PFC037,B3,753,11,33,723.2892343998,stimulus,
PFC,PFC037,B3,753,11,33,723.9557408998,tap,lctrl
PFC,PFC037,B3,754,11,34,724.0392506998,stimulus,
PFC,PFC037,B3,754,11,34,724.6757140001,tap,lctrl
PFC,PFC037,B3,755,11,35,724.7892708005,stimulus,
PFC,PFC037,B3,755,11,35,725.4277568003,tap,lctrl
PFC,PFC037,B3,756,11,36,725.5392776998,stimulus,
PFC,PFC037,B3,756,11,36,726.1957384003,tap,rctrl
PFC,PFC037,B3,757,11,37,726.2892938005,stimulus,
PFC,PFC037,B3,757,11,37,726.8837275002,tap,rctrl
PFC,PFC037,B3,758,11,38,727.0393133005,stimulus,
PFC,PFC037,B3,758,11,38,727.6997242002,tap,rctrl
PFC,PFC037,B3,759,11,39,727.7893216005,stimulus,
PFC,PFC037,B3,759,11,39,728.4518023003,tap,rctrl
PFC,PFC037,B3,760,11,40,728.5393369999,stimulus,
PFC,PFC037,B3,760,11,40,729.1877229000,tap,rctrl
PFC,PFC037,B3,761,11,41,729.2893507006,stimulus,
PFC,PFC037,B3,761,11,41,729.8918169001,tap,lctrl
PFC,PFC037,B3,762,11,42,730.0393916005,stimulus,
PFC,PFC037,B3,762,11,42,730.6117217001,tap,lctrl
PFC,PFC037,B3,763,11,43,730.7893955000,stimulus,
PFC,PFC037,B3,763,11,43,731.4117540000,tap,lctrl
PFC,PFC037,B3,764,11,44,731.5393984001,stimulus,
PFC,PFC037,B3,764,11,44,732.1637134999,tap,lctrl
PFC,PFC037,B3,765,11,45,732.2894131998,stimulus,
PFC,PFC037,B3,765,11,45,732.9157611001,tap,lctrl
PFC,PFC037,B3,766,11,46,733.0394283002,stimulus,
PFC,PFC037,B3,766,11,46,733.7157207998,tap,lctrl
PFC,PFC037,B3,767,11,47,733.7894354006,stimulus,
PFC,PFC037,B3,767,11,47,734.4037108002,tap,rctrl
PFC,PFC037,B3,768,11,48,734.5394512005,stimulus,
PFC,PFC037,B3,768,11,48,735.2037792997,tap,rctrl
PFC,PFC037,B3,769,11,49,735.2894731006,stimulus,
PFC,PFC037,B3,769,11,49,735.9877791004,tap,rctrl
PFC,PFC037,B3,770,11,50,736.0394868003,stimulus,
PFC,PFC037,B3,770,11,50,736.6597476006,tap,rctrl
PFC,PFC037,B3,771,11,51,736.7895066002,stimulus,
PFC,PFC037,B3,771,11,51,737.3477606000,tap,lctrl
PFC,PFC037,B3,772,11,52,737.5395237003,stimulus,
PFC,PFC037,B3,772,11,52,738.1477530999,tap,lctrl
PFC,PFC037,B3,773,11,53,738.2895391006,stimulus,
PFC,PFC037,B3,773,11,53,738.8837494003,tap,rctrl
PFC,PFC037,B3,774,11,54,739.0395566002,stimulus,
PFC,PFC037,B3,774,11,54,739.6517921006,tap,rctrl
PFC,PFC037,B3,775,11,55,739.7895729002,stimulus,
PFC,PFC037,B3,775,11,55,740.3877530005,tap,rctrl
PFC,PFC037,B3,776,11,56,740.5395921003,stimulus,
PFC,PFC037,B3,776,11,56,741.0918043004,tap,rctrl
PFC,PFC037,B3,777,11,57,741.2896007001,stimulus,
PFC,PFC037,B3,777,11,57,741.8117306000,tap,rctrl
PFC,PFC037,B3,778,11,58,742.0396042001,stimulus,
PFC,PFC037,B3,778,11,58,742.6437338004,tap,lctrl
PFC,PFC037,B3,779,11,59,742.7896207999,stimulus,
PFC,PFC037,B3,779,11,59,743.3477175999,tap,lctrl
PFC,PFC037,B3,780,11,60,743.5396439005,stimulus,
PFC,PFC037,B3,780,11,60,744.1157454001,tap,rctrl
PFC,PFC037,B3,781,11,61,744.2896508006,stimulus,
PFC,PFC037,B3,781,11,61,744.7877355004,tap,rctrl
PFC,PFC037,B3,782,11,62,745.0396629004,stimulus,
PFC,PFC037,B3,782,11,62,745.5557294004,tap,rctrl
PFC,PFC037,B3,783,11,63,745.7896816004,stimulus,
PFC,PFC037,B3,783,11,63,746.3077165000,tap,rctrl
PFC,PFC037,B3,784,11,64,746.5396945002,stimulus,
PFC,PFC037,B3,784,11,64,747.0277081002,tap,rctrl
PFC,PFC037,B3,785,11,65,747.2897091005,stimulus,
PFC,PFC037,B3,785,11,65,747.7318576006,tap,rctrl
PFC,PFC037,B3,786,11,66,748.0397275006,stimulus,
PFC,PFC037,B3,786,11,66,748.3878185004,tap,lctrl
PFC,PFC037,B3,787,11,67,748.7897508005,stimulus,
PFC,PFC037,B3,787,11,67,749.1877258997,tap,lctrl
PFC,PFC037,B3,788,11,68,749.5397576001,stimulus,
PFC,PFC037,B3,788,11,68,749.9717584997,tap,lctrl
PFC,PFC037,B3,789,11,69,750.2897712998,stimulus,
PFC,PFC037,B3,789,11,69,750.7877665004,tap,rctrl
PFC,PFC037,B3,790,11,70,751.0397921000,stimulus,
PFC,PFC037,B3,790,11,70,751.7317817006,tap,rctrl
PFC,PFC037,B3,791,11,71,751.7897888003,stimulus,
PFC,PFC037,B3,791,11,71,752.4197144005,tap,rctrl
PFC,PFC037,B3,792,11,72,752.5398121001,stimulus,
PFC,PFC037,B3,792,11,72,753.1077023000,tap,rctrl
PFC,PFC037,B3,793,11,73,753.2898388002,stimulus,
PFC,PFC037,B3,793,11,73,753.8597122999,tap,rctrl
PFC,PFC037,B3,794,11,74,754.0398454005,stimulus,
PFC,PFC037,B3,794,11,74,754.5957425004,tap,rctrl
PFC,PFC037,B3,795,11,75,754.7898641005,stimulus,
PFC,PFC037,B3,795,11,75,755.3317726003,tap,lctrl
PFC,PFC037,B3,796,11,76,755.5399345001,stimulus,
PFC,PFC037,B3,796,11,76,756.0357638001,tap,lctrl
PFC,PFC037,B3,797,11,77,756.2899548002,stimulus,
PFC,PFC037,B3,797,11,77,756.7717249999,tap,lctrl
PFC,PFC037,B3,798,11,78,757.0399657004,stimulus,
PFC,PFC037,B3,798,11,78,757.5397381000,tap,lctrl
PFC,PFC037,B3,799,11,79,757.7899815999,stimulus,
PFC,PFC037,B3,799,11,79,758.2598123997,tap,lctrl
PFC,PFC037,B3,800,11,79,761.9728939999,probe1,3
PFC,PFC037,B3,800,11,79,764.8084484003,probe2,0
PFC,PFC037,B3,800,11,79,768.0607847003,probe3,3
