# {'Language': 'English', 'Region': 'PFC', 'Participant': 'PFC020', 'Session': 'S2', 'Block': 'B2', 'date': '2022_Sep_07_1358', 'expName': 'FTRSGT_rTMS', 'frameRate': 59.969871019086575}
region,subj,block,trial,proberound,probetrial,time,stimulus,response
PFC,PFC020,B2,1,1,1,0.0000772998,stimulus,
PFC,PFC020,B2,1,1,1,0.6420320999,tap,rctrl
PFC,PFC020,B2,2,1,2,0.7500676000,stimulus,
PFC,PFC020,B2,2,1,2,1.4100051001,tap,rctrl
PFC,PFC020,B2,3,1,3,1.5000812002,stimulus,
PFC,PFC020,B2,3,1,3,2.0980511000,tap,lctrl
PFC,PFC020,B2,4,1,4,2.2500993004,stimulus,
PFC,PFC020,B2,4,1,4,2.8821018003,tap,rctrl
PFC,PFC020,B2,5,1,5,3.0001125000,stimulus,
PFC,PFC020,B2,5,1,5,3.6019975003,tap,rctrl
PFC,PFC020,B2,6,1,6,3.7501290999,stimulus,
PFC,PFC020,B2,6,1,6,4.4340558005,tap,rctrl
PFC,PFC020,B2,7,1,7,4.5001376998,stimulus,
PFC,PFC020,B2,7,1,7,5.1380483005,tap,lctrl
PFC,PFC020,B2,8,1,8,5.2501584999,stimulus,
PFC,PFC020,B2,8,1,8,5.8740231004,tap,rctrl
PFC,PFC020,B2,9,1,9,6.0001698006,stimulus,
PFC,PFC020,B2,9,1,9,6.7059783004,tap,rctrl
PFC,PFC020,B2,10,1,10,6.7501731003,stimulus,
PFC,PFC020,B2,10,1,10,7.4740711004,tap,rctrl
PFC,PFC020,B2,11,1,11,7.5001977002,stimulus,
PFC,PFC020,B2,11,1,11,8.1620217003,tap,rctrl
PFC,PFC020,B2,12,1,12,8.2502089003,stimulus,
PFC,PFC020,B2,12,1,12,8.8180448003,tap,rctrl
PFC,PFC020,B2,13,1,13,9.0002276003,stimulus,
PFC,PFC020,B2,13,1,13,9.5540156998,tap,lctrl
PFC,PFC020,B2,14,1,14,9.7502301000,stimulus,
PFC,PFC020,B2,14,1,14,10.3699815003,tap,rctrl
PFC,PFC020,B2,15,1,15,10.5002450999,stimulus,
PFC,PFC020,B2,15,1,15,11.0579949003,tap,rctrl
PFC,PFC020,B2,16,1,16,11.2502596006,stimulus,
PFC,PFC020,B2,16,1,16,11.8259856999,tap,lctrl
PFC,PFC020,B2,17,1,17,12.0002632001,stimulus,
PFC,PFC020,B2,17,1,17,12.7060262002,tap,rctrl
PFC,PFC020,B2,18,1,18,12.7502831006,stimulus,
PFC,PFC020,B2,18,1,18,13.4259894006,tap,rctrl
PFC,PFC020,B2,19,1,19,13.5002949005,stimulus,
PFC,PFC020,B2,20,1,20,14.2503180001,stimulus,
PFC,PFC020,B2,20,1,20,14.4660125999,tap,rctrl
PFC,PFC020,B2,20,1,20,14.8980581006,tap,rctrl
PFC,PFC020,B2,21,1,21,15.0003273999,stimulus,
PFC,PFC020,B2,21,1,21,15.6499810005,tap,lctrl
PFC,PFC020,B2,22,1,22,15.7503347006,stimulus,
PFC,PFC020,B2,22,1,22,16.4819785003,tap,rctrl
PFC,PFC020,B2,23,1,23,16.5003411006,stimulus,
PFC,PFC020,B2,23,1,23,17.1860603001,tap,rctrl
PFC,PFC020,B2,24,1,24,17.2503540004,stimulus,
PFC,PFC020,B2,24,1,24,17.9379928000,tap,lctrl
PFC,PFC020,B2,25,1,25,18.0003690999,stimulus,
PFC,PFC020,B2,25,1,25,18.6261064000,tap,rctrl
PFC,PFC020,B2,26,1,26,18.7503812006,stimulus,
PFC,PFC020,B2,26,1,26,19.3460502001,tap,lctrl
PFC,PFC020,B2,27,1,27,19.5004066005,stimulus,
PFC,PFC020,B2,27,1,27,20.0980444998,tap,rctrl
PFC,PFC020,B2,28,1,28,20.2504189005,stimulus,
PFC,PFC020,B2,28,1,28,20.8179930998,tap,rctrl
PFC,PFC020,B2,29,1,29,21.0004265998,stimulus,
PFC,PFC020,B2,29,1,29,21.5539710000,tap,rctrl
PFC,PFC020,B2,30,1,30,21.7504361002,stimulus,
PFC,PFC020,B2,30,1,30,22.2580302004,tap,rctrl
PFC,PFC020,B2,31,1,31,22.5004537003,stimulus,
PFC,PFC020,B2,31,1,31,23.0100429999,tap,rctrl
PFC,PFC020,B2,32,1,32,23.2504671002,stimulus,
PFC,PFC020,B2,32,1,32,23.7141255001,tap,rctrl
PFC,PFC020,B2,33,1,33,24.0004912000,stimulus,
PFC,PFC020,B2,33,1,33,24.4660644000,tap,rctrl
PFC,PFC020,B2,34,1,34,24.7505026003,stimulus,
PFC,PFC020,B2,34,1,34,25.3300581006,tap,rctrl
PFC,PFC020,B2,35,1,35,25.5005071005,stimulus,
PFC,PFC020,B2,35,1,35,26.1619898006,tap,rctrl
PFC,PFC020,B2,36,1,36,26.2505264003,stimulus,
PFC,PFC020,B2,36,1,36,26.9300909005,tap,rctrl
PFC,PFC020,B2,37,1,37,27.0005366001,stimulus,
PFC,PFC020,B2,37,1,37,27.6979878005,tap,rctrl
PFC,PFC020,B2,38,1,38,27.7505521998,stimulus,
PFC,PFC020,B2,38,1,38,28.4500267999,tap,lctrl
PFC,PFC020,B2,39,1,39,28.5005683005,stimulus,
PFC,PFC020,B2,39,1,39,29.1699977005,tap,rctrl
PFC,PFC020,B2,40,1,40,29.2505887002,stimulus,
PFC,PFC020,B2,40,1,40,29.8419965003,tap,lctrl
PFC,PFC020,B2,41,1,41,30.0006093998,stimulus,
PFC,PFC020,B2,41,1,41,30.5779764000,tap,rctrl
PFC,PFC020,B2,42,1,42,30.7506178003,stimulus,
PFC,PFC020,B2,42,1,42,31.3459961005,tap,rctrl
PFC,PFC020,B2,43,1,43,31.5006301003,stimulus,
PFC,PFC020,B2,43,1,43,32.0340333004,tap,rctrl
PFC,PFC020,B2,44,1,44,32.2506450005,stimulus,
PFC,PFC020,B2,44,1,44,32.8661286002,tap,lctrl
PFC,PFC020,B2,45,1,45,33.0006664004,stimulus,
PFC,PFC020,B2,45,1,45,33.6660414003,tap,rctrl
PFC,PFC020,B2,46,1,46,33.7506713998,stimulus,
PFC,PFC020,B2,46,1,46,34.4021081999,tap,rctrl
PFC,PFC020,B2,47,1,47,34.5006919000,stimulus,
PFC,PFC020,B2,47,1,47,34.9780449998,tap,rctrl
PFC,PFC020,B2,48,1,48,35.2507076999,stimulus,
PFC,PFC020,B2,48,1,48,35.9540387997,tap,rctrl
PFC,PFC020,B2,49,1,49,36.0007116003,stimulus,
PFC,PFC020,B2,49,1,49,36.6579673998,tap,lctrl
PFC,PFC020,B2,50,1,50,36.7507258002,stimulus,
PFC,PFC020,B2,51,1,51,37.5007423004,stimulus,
PFC,PFC020,B2,51,1,51,37.5540415999,tap,rctrl
PFC,PFC020,B2,52,1,52,38.2507679006,stimulus,
PFC,PFC020,B2,52,1,52,38.2740403004,tap,lctrl
PFC,PFC020,B2,52,1,52,38.9780782005,tap,rctrl
PFC,PFC020,B2,53,1,53,39.0007746005,stimulus,
PFC,PFC020,B2,53,1,53,39.6820099000,tap,rctrl
PFC,PFC020,B2,54,1,54,39.7507795999,stimulus,
PFC,PFC020,B2,54,1,54,40.4659919003,tap,lctrl
PFC,PFC020,B2,55,1,55,40.5007915003,stimulus,
PFC,PFC020,B2,56,1,56,41.2508033998,stimulus,
PFC,PFC020,B2,56,1,56,41.3140214998,tap,rctrl
PFC,PFC020,B2,56,1,56,41.9700084999,tap,lctrl
PFC,PFC020,B2,57,1,57,42.0008102003,stimulus,
PFC,PFC020,B2,57,1,57,42.6900741002,tap,lctrl
PFC,PFC020,B2,58,1,58,42.7508374006,stimulus,
PFC,PFC020,B2,58,1,58,43.4100721003,tap,lctrl
PFC,PFC020,B2,59,1,59,43.5008444004,stimulus,
PFC,PFC020,B2,59,1,59,44.1940817004,tap,lctrl
PFC,PFC020,B2,60,1,60,44.2508593006,stimulus,
PFC,PFC020,B2,61,1,61,45.0008706003,stimulus,
PFC,PFC020,B2,62,1,62,45.7508759005,stimulus,
PFC,PFC020,B2,62,1,62,46.4500449002,tap,lctrl
PFC,PFC020,B2,63,1,63,46.5009014998,stimulus,
PFC,PFC020,B2,64,1,64,47.2509241998,stimulus,
PFC,PFC020,B2,64,1,64,47.9221374001,tap,lctrl
PFC,PFC020,B2,65,1,65,48.0009476999,stimulus,
PFC,PFC020,B2,65,1,65,48.6900605001,tap,rctrl
PFC,PFC020,B2,66,1,66,48.7509567998,stimulus,
PFC,PFC020,B2,66,1,66,49.4580851998,tap,rctrl
PFC,PFC020,B2,67,1,67,49.5009679999,stimulus,
PFC,PFC020,B2,67,1,67,50.1940528005,tap,rctrl
PFC,PFC020,B2,68,1,68,50.2509783003,stimulus,
PFC,PFC020,B2,68,1,68,50.9301076001,tap,rctrl
PFC,PFC020,B2,69,1,69,51.0009962004,stimulus,
PFC,PFC020,B2,69,1,69,51.5379645005,tap,rctrl
PFC,PFC020,B2,70,1,70,51.7509984998,stimulus,
PFC,PFC020,B2,70,1,70,52.3060125997,tap,rctrl
PFC,PFC020,B2,71,1,71,52.5010160999,stimulus,
PFC,PFC020,B2,71,1,71,53.2180344006,tap,lctrl
PFC,PFC020,B2,72,1,72,53.2510393001,stimulus,
PFC,PFC020,B2,73,1,73,54.0010519000,stimulus,
PFC,PFC020,B2,73,1,73,54.0340541005,tap,rctrl
PFC,PFC020,B2,74,1,74,54.7510850001,stimulus,
PFC,PFC020,B2,74,1,74,54.8500936003,tap,rctrl
PFC,PFC020,B2,75,1,75,55.5010735001,stimulus,
PFC,PFC020,B2,75,1,75,55.5220090998,tap,lctrl
PFC,PFC020,B2,76,1,76,56.2510833004,stimulus,
PFC,PFC020,B2,76,1,76,56.3060677005,tap,rctrl
PFC,PFC020,B2,77,1,77,57.0011028005,stimulus,
PFC,PFC020,B2,77,1,77,57.0580659006,tap,lctrl
PFC,PFC020,B2,78,1,78,57.7511084005,stimulus,
PFC,PFC020,B2,78,1,78,57.8099875003,tap,rctrl
PFC,PFC020,B2,79,1,79,58.5011163000,stimulus,
PFC,PFC020,B2,79,1,79,58.5780402999,tap,rctrl
PFC,PFC020,B2,79,1,79,59.2340015005,tap,rctrl
PFC,PFC020,B2,80,1,80,59.2511432003,stimulus,
PFC,PFC020,B2,81,1,81,60.0011485005,stimulus,
PFC,PFC020,B2,81,1,81,60.0501124999,tap,rctrl
PFC,PFC020,B2,82,1,82,60.7511574002,stimulus,
PFC,PFC020,B2,82,1,82,60.7859677998,tap,rctrl
PFC,PFC020,B2,82,1,82,61.4739604006,tap,rctrl
PFC,PFC020,B2,83,1,83,61.5011672005,stimulus,
PFC,PFC020,B2,84,1,84,62.2511828998,stimulus,
PFC,PFC020,B2,84,1,84,62.3060392998,tap,lctrl
PFC,PFC020,B2,85,1,85,63.0011983002,stimulus,
PFC,PFC020,B2,85,1,85,63.0421027998,tap,rctrl
PFC,PFC020,B2,86,1,85,67.4039534004,probe1,3
PFC,PFC020,B2,86,1,85,69.1542409007,probe2,0
PFC,PFC020,B2,86,1,85,70.7230420001,probe3,0
PFC,PFC020,B2,87,2,1,71.4900366999,stimulus,
PFC,PFC020,B2,88,2,2,72.2400382999,stimulus,
PFC,PFC020,B2,88,2,2,72.9781121006,tap,lctrl
PFC,PFC020,B2,89,2,3,72.9900721004,stimulus,
PFC,PFC020,B2,89,2,3,73.6020777002,tap,lctrl
PFC,PFC020,B2,90,2,4,73.7400786001,stimulus,
PFC,PFC020,B2,90,2,4,74.3859906998,tap,rctrl
PFC,PFC020,B2,91,2,5,74.4900922002,stimulus,
PFC,PFC020,B2,91,2,5,75.1699958006,tap,rctrl
PFC,PFC020,B2,92,2,6,75.2401076006,stimulus,
PFC,PFC020,B2,92,2,6,75.9540895000,tap,rctrl
PFC,PFC020,B2,93,2,7,75.9901125003,stimulus,
PFC,PFC020,B2,93,2,7,76.7220334001,tap,rctrl
PFC,PFC020,B2,94,2,8,76.7401366001,stimulus,
PFC,PFC020,B2,95,2,9,77.4901451999,stimulus,
PFC,PFC020,B2,95,2,9,77.5220931005,tap,lctrl
PFC,PFC020,B2,95,2,9,78.1140617002,tap,rctrl
PFC,PFC020,B2,96,2,10,78.2401638003,stimulus,
PFC,PFC020,B2,96,2,10,78.8979997998,tap,lctrl
PFC,PFC020,B2,97,2,11,78.9901769999,stimulus,
PFC,PFC020,B2,98,2,12,79.7401793003,stimulus,
PFC,PFC020,B2,98,2,12,79.7939848006,tap,rctrl
PFC,PFC020,B2,98,2,12,80.4501843005,tap,rctrl
PFC,PFC020,B2,99,2,13,80.4901991002,stimulus,
PFC,PFC020,B2,99,2,13,81.0900157997,tap,rctrl
PFC,PFC020,B2,100,2,14,81.2402140005,stimulus,
PFC,PFC020,B2,101,2,15,81.9902391005,stimulus,
PFC,PFC020,B2,101,2,15,82.6420326000,tap,rctrl
PFC,PFC020,B2,102,2,16,82.7402397003,stimulus,
PFC,PFC020,B2,102,2,16,83.3460491998,tap,rctrl
PFC,PFC020,B2,103,2,17,83.4902725006,stimulus,
PFC,PFC020,B2,103,2,17,84.1619982999,tap,rctrl
PFC,PFC020,B2,104,2,18,84.2402790999,stimulus,
PFC,PFC020,B2,104,2,18,84.8820118997,tap,lctrl
PFC,PFC020,B2,105,2,19,84.9902945003,stimulus,
PFC,PFC020,B2,105,2,19,85.6979835005,tap,rctrl
PFC,PFC020,B2,106,2,20,85.7403012998,stimulus,
PFC,PFC020,B2,106,2,20,86.4340404002,tap,lctrl
PFC,PFC020,B2,107,2,21,86.4903247003,stimulus,
PFC,PFC020,B2,107,2,21,87.1060779998,tap,rctrl
PFC,PFC020,B2,108,2,22,87.2403528001,stimulus,
PFC,PFC020,B2,108,2,22,87.8900656998,tap,lctrl
PFC,PFC020,B2,109,2,23,87.9903555000,stimulus,
PFC,PFC020,B2,109,2,23,88.6580061000,tap,rctrl
PFC,PFC020,B2,110,2,24,88.7403570004,stimulus,
PFC,PFC020,B2,110,2,24,89.3940227004,tap,lctrl
PFC,PFC020,B2,111,2,25,89.4903747002,stimulus,
PFC,PFC020,B2,111,2,25,90.1300144000,tap,rctrl
PFC,PFC020,B2,112,2,26,90.2403853005,stimulus,
PFC,PFC020,B2,112,2,26,90.9460613001,tap,rctrl
PFC,PFC020,B2,113,2,27,90.9904046999,stimulus,
PFC,PFC020,B2,113,2,27,91.6660732999,tap,rctrl
PFC,PFC020,B2,114,2,28,91.7404169003,stimulus,
PFC,PFC020,B2,114,2,28,92.4020330999,tap,rctrl
PFC,PFC020,B2,115,2,29,92.4904292002,stimulus,
PFC,PFC020,B2,115,2,29,93.1541111004,tap,rctrl
PFC,PFC020,B2,116,2,30,93.2404415999,stimulus,
PFC,PFC020,B2,116,2,30,93.9220407000,tap,rctrl
PFC,PFC020,B2,117,2,31,93.9904556004,stimulus,
PFC,PFC020,B2,117,2,31,94.6099787001,tap,rctrl
PFC,PFC020,B2,118,2,32,94.7404691000,stimulus,
PFC,PFC020,B2,118,2,32,95.3939842004,tap,rctrl
PFC,PFC020,B2,119,2,33,95.4904800998,stimulus,
PFC,PFC020,B2,119,2,33,96.1301226001,tap,rctrl
PFC,PFC020,B2,120,2,34,96.2404981004,stimulus,
PFC,PFC020,B2,120,2,34,96.8499862999,tap,rctrl
PFC,PFC020,B2,121,2,35,96.9905040003,stimulus,
PFC,PFC020,B2,121,2,35,97.6339985002,tap,rctrl
PFC,PFC020,B2,122,2,36,97.7405115003,stimulus,
PFC,PFC020,B2,122,2,36,98.3859802000,tap,rctrl
PFC,PFC020,B2,123,2,37,98.4905281998,stimulus,
PFC,PFC020,B2,123,2,37,99.1860241005,tap,rctrl
PFC,PFC020,B2,124,2,38,99.2405368006,stimulus,
PFC,PFC020,B2,124,2,38,99.9380085003,tap,lctrl
PFC,PFC020,B2,125,2,39,99.9905531006,stimulus,
PFC,PFC020,B2,125,2,39,100.6580383005,tap,rctrl
PFC,PFC020,B2,126,2,40,100.7405658998,stimulus,
PFC,PFC020,B2,126,2,40,101.3461933006,tap,rctrl
PFC,PFC020,B2,127,2,41,101.4905845998,stimulus,
PFC,PFC020,B2,127,2,41,102.1460159998,tap,rctrl
PFC,PFC020,B2,128,2,42,102.2405936001,stimulus,
PFC,PFC020,B2,128,2,42,102.8820481999,tap,rctrl
PFC,PFC020,B2,129,2,43,102.9906099001,stimulus,
PFC,PFC020,B2,129,2,43,103.6499960003,tap,rctrl
PFC,PFC020,B2,130,2,44,103.7406187002,stimulus,
PFC,PFC020,B2,130,2,44,104.4660056001,tap,rctrl
PFC,PFC020,B2,131,2,45,104.4906435004,stimulus,
PFC,PFC020,B2,131,2,45,105.2020271998,tap,rctrl
PFC,PFC020,B2,132,2,46,105.2406583000,stimulus,
PFC,PFC020,B2,132,2,46,105.8739651004,tap,rctrl
PFC,PFC020,B2,133,2,47,105.9906681003,stimulus,
PFC,PFC020,B2,133,2,47,106.5780361006,tap,rctrl
PFC,PFC020,B2,134,2,48,106.7406866001,stimulus,
PFC,PFC020,B2,134,2,48,107.4261550000,tap,rctrl
PFC,PFC020,B2,135,2,49,107.4907181002,stimulus,
PFC,PFC020,B2,135,2,49,108.2100578006,tap,lctrl
PFC,PFC020,B2,136,2,50,108.2407157002,stimulus,
PFC,PFC020,B2,137,2,51,108.9907267001,stimulus,
PFC,PFC020,B2,137,2,51,109.0260492004,tap,lctrl
PFC,PFC020,B2,137,2,51,109.6820111005,tap,rctrl
PFC,PFC020,B2,138,2,52,109.7407379001,stimulus,
PFC,PFC020,B2,138,2,52,110.3701308006,tap,rctrl
PFC,PFC020,B2,139,2,53,110.4907685006,stimulus,
PFC,PFC020,B2,139,2,53,111.1380229006,tap,rctrl
PFC,PFC020,B2,140,2,54,111.2407622999,stimulus,
PFC,PFC020,B2,140,2,54,111.9540418005,tap,rctrl
PFC,PFC020,B2,141,2,55,111.9907824006,stimulus,
PFC,PFC020,B2,141,2,55,112.6741327997,tap,lctrl
PFC,PFC020,B2,142,2,56,112.7407852001,stimulus,
PFC,PFC020,B2,142,2,56,113.4260221003,tap,lctrl
PFC,PFC020,B2,143,2,57,113.4908094006,stimulus,
PFC,PFC020,B2,144,2,58,114.2408135999,stimulus,
PFC,PFC020,B2,144,2,58,114.2419838002,tap,lctrl
PFC,PFC020,B2,144,2,58,114.9299913002,tap,lctrl
PFC,PFC020,B2,145,2,59,114.9908384001,stimulus,
PFC,PFC020,B2,145,2,59,115.6819747007,tap,rctrl
PFC,PFC020,B2,146,2,60,115.7408443000,stimulus,
PFC,PFC020,B2,146,2,60,116.1620019004,tap,rctrl
PFC,PFC020,B2,147,2,61,116.4908646001,stimulus,
PFC,PFC020,B2,148,2,62,117.2408677004,stimulus,
PFC,PFC020,B2,148,2,62,117.7460801005,tap,rctrl
PFC,PFC020,B2,149,2,63,117.9908860000,stimulus,
PFC,PFC020,B2,149,2,63,118.5300970003,tap,rctrl
PFC,PFC020,B2,150,2,64,118.7408958999,stimulus,
PFC,PFC020,B2,150,2,64,119.2820365001,tap,rctrl
PFC,PFC020,B2,151,2,65,119.4909091005,stimulus,
PFC,PFC020,B2,151,2,65,120.0820612004,tap,rctrl
PFC,PFC020,B2,152,2,66,120.2409246005,stimulus,
PFC,PFC020,B2,152,2,66,120.7700065002,tap,rctrl
PFC,PFC020,B2,153,2,67,120.9909386002,stimulus,
PFC,PFC020,B2,153,2,67,121.4100099001,tap,rctrl
PFC,PFC020,B2,154,2,68,121.7409588005,stimulus,
PFC,PFC020,B2,154,2,68,122.3060085000,tap,rctrl
PFC,PFC020,B2,155,2,69,122.4909693999,stimulus,
PFC,PFC020,B2,155,2,69,123.0580237005,tap,rctrl
PFC,PFC020,B2,156,2,70,123.2409806000,stimulus,
PFC,PFC020,B2,156,2,70,123.7779854005,tap,lctrl
PFC,PFC020,B2,157,2,71,123.9909894001,stimulus,
PFC,PFC020,B2,158,2,72,124.7409986006,stimulus,
PFC,PFC020,B2,159,2,73,125.4910140000,stimulus,
PFC,PFC020,B2,159,2,73,125.5860772002,tap,rctrl
PFC,PFC020,B2,160,2,74,126.2410431998,stimulus,
PFC,PFC020,B2,160,2,74,126.2901074998,tap,rctrl
PFC,PFC020,B2,160,2,74,126.9140167003,tap,rctrl
PFC,PFC020,B2,161,2,75,126.9910623999,stimulus,
PFC,PFC020,B2,161,2,75,127.6660086000,tap,rctrl
PFC,PFC020,B2,162,2,76,127.7410708005,stimulus,
PFC,PFC020,B2,162,2,76,128.4340343000,tap,rctrl
PFC,PFC020,B2,163,2,76,132.0238715000,probe1,2
PFC,PFC020,B2,163,2,76,136.0261975005,probe2,1
PFC,PFC020,B2,163,2,76,137.5939916000,probe3,0
PFC,PFC020,B2,164,3,1,138.3620170997,stimulus,
PFC,PFC020,B2,164,3,1,138.3622799003,tap,rctrl
PFC,PFC020,B2,164,3,1,139.0899975998,tap,rctrl
PFC,PFC020,B2,165,3,2,139.1119752005,stimulus,
PFC,PFC020,B2,165,3,2,139.8580291998,tap,rctrl
PFC,PFC020,B2,166,3,3,139.8619865002,stimulus,
PFC,PFC020,B2,166,3,3,140.5940218000,tap,rctrl
PFC,PFC020,B2,167,3,4,140.6120071001,stimulus,
PFC,PFC020,B2,167,3,4,141.3140192004,tap,rctrl
PFC,PFC020,B2,168,3,5,141.3620210001,stimulus,
PFC,PFC020,B2,168,3,5,142.0820214003,tap,rctrl
PFC,PFC020,B2,169,3,6,142.1120327003,stimulus,
PFC,PFC020,B2,169,3,6,142.7860347005,tap,lctrl
PFC,PFC020,B2,170,3,7,142.8620468006,stimulus,
PFC,PFC020,B2,170,3,7,143.5221563000,tap,lctrl
PFC,PFC020,B2,171,3,8,143.6120675001,stimulus,
PFC,PFC020,B2,171,3,8,144.3061397998,tap,rctrl
PFC,PFC020,B2,172,3,9,144.3620940000,stimulus,
PFC,PFC020,B2,172,3,9,145.0740545001,tap,rctrl
PFC,PFC020,B2,173,3,10,145.1121019004,stimulus,
PFC,PFC020,B2,173,3,10,145.7459931001,tap,rctrl
PFC,PFC020,B2,174,3,11,145.8621171005,stimulus,
PFC,PFC020,B2,174,3,11,146.5940426998,tap,rctrl
PFC,PFC020,B2,175,3,12,146.6121313004,stimulus,
PFC,PFC020,B2,175,3,12,147.3620233005,tap,lctrl
PFC,PFC020,B2,176,3,13,147.3621612005,stimulus,
PFC,PFC020,B2,176,3,13,148.0820876006,tap,rctrl
PFC,PFC020,B2,177,3,14,148.1121796006,stimulus,
PFC,PFC020,B2,178,3,15,148.8621894000,stimulus,
PFC,PFC020,B2,178,3,15,149.1061313003,tap,rctrl
PFC,PFC020,B2,178,3,15,149.5699767005,tap,rctrl
PFC,PFC020,B2,179,3,16,149.6122038001,stimulus,
PFC,PFC020,B2,179,3,16,150.3060490005,tap,rctrl
PFC,PFC020,B2,180,3,17,150.3622212000,stimulus,
PFC,PFC020,B2,180,3,17,151.0580197005,tap,rctrl
PFC,PFC020,B2,181,3,18,151.1122280005,stimulus,
PFC,PFC020,B2,181,3,18,151.8420628002,tap,rctrl
PFC,PFC020,B2,182,3,19,151.8622350004,stimulus,
PFC,PFC020,B2,182,3,19,152.5299864002,tap,rctrl
PFC,PFC020,B2,183,3,20,152.6122518005,stimulus,
PFC,PFC020,B2,183,3,20,153.2660829006,tap,rctrl
PFC,PFC020,B2,184,3,21,153.3622740004,stimulus,
PFC,PFC020,B2,184,3,21,154.0340323001,tap,rctrl
PFC,PFC020,B2,185,3,22,154.1122753005,stimulus,
PFC,PFC020,B2,185,3,22,154.7382156998,tap,rctrl
PFC,PFC020,B2,186,3,23,154.8622978004,stimulus,
PFC,PFC020,B2,186,3,23,155.3459761003,tap,rctrl
PFC,PFC020,B2,187,3,24,155.6123080002,stimulus,
PFC,PFC020,B2,188,3,25,156.3623133004,stimulus,
PFC,PFC020,B2,188,3,25,156.3701141002,tap,rctrl
PFC,PFC020,B2,188,3,25,157.1059877006,tap,rctrl
PFC,PFC020,B2,189,3,26,157.1123302002,stimulus,
PFC,PFC020,B2,189,3,26,157.8420707006,tap,rctrl
PFC,PFC020,B2,190,3,27,157.8623433998,stimulus,
PFC,PFC020,B2,190,3,27,158.6100447001,tap,rctrl
PFC,PFC020,B2,191,3,28,158.6123662004,stimulus,
PFC,PFC020,B2,191,3,28,159.3459831001,tap,rctrl
PFC,PFC020,B2,192,3,29,159.3623738000,stimulus,
PFC,PFC020,B2,192,3,29,159.9859960005,tap,rctrl
PFC,PFC020,B2,193,3,30,160.1123839002,stimulus,
PFC,PFC020,B2,193,3,30,160.6420421004,tap,rctrl
PFC,PFC020,B2,194,3,31,160.8623934006,stimulus,
PFC,PFC020,B2,194,3,31,161.4580453997,tap,lctrl
PFC,PFC020,B2,195,3,32,161.6124116005,stimulus,
PFC,PFC020,B2,195,3,32,162.2740741000,tap,lctrl
PFC,PFC020,B2,196,3,33,162.3624219000,stimulus,
PFC,PFC020,B2,196,3,33,163.0099812001,tap,rctrl
PFC,PFC020,B2,197,3,34,163.1124421004,stimulus,
PFC,PFC020,B2,197,3,34,163.7780584004,tap,lctrl
PFC,PFC020,B2,198,3,35,163.8624534998,stimulus,
PFC,PFC020,B2,198,3,35,164.6100516003,tap,rctrl
PFC,PFC020,B2,199,3,36,164.6124584004,stimulus,
PFC,PFC020,B2,199,3,36,165.3140236000,tap,rctrl
PFC,PFC020,B2,200,3,37,165.3624788001,stimulus,
PFC,PFC020,B2,200,3,37,166.0980226006,tap,rctrl
PFC,PFC020,B2,201,3,38,166.1124884002,stimulus,
PFC,PFC020,B2,201,3,38,166.7059733998,tap,rctrl
PFC,PFC020,B2,202,3,39,166.8625009004,stimulus,
PFC,PFC020,B2,202,3,39,167.4742291002,tap,rctrl
PFC,PFC020,B2,203,3,40,167.6125403000,stimulus,
PFC,PFC020,B2,204,3,41,168.3625464998,stimulus,
PFC,PFC020,B2,204,3,41,168.5780583005,tap,rctrl
PFC,PFC020,B2,205,3,42,169.1125428006,stimulus,
PFC,PFC020,B2,205,3,42,169.3300513998,tap,rctrl
PFC,PFC020,B2,205,3,42,169.8100290000,tap,rctrl
PFC,PFC020,B2,206,3,43,169.8625555001,stimulus,
PFC,PFC020,B2,206,3,43,170.6100335000,tap,rctrl
PFC,PFC020,B2,207,3,44,170.6125773005,stimulus,
PFC,PFC020,B2,207,3,44,171.3300584005,tap,rctrl
PFC,PFC020,B2,208,3,45,171.3625865998,stimulus,
PFC,PFC020,B2,209,3,46,172.1126044998,stimulus,
PFC,PFC020,B2,209,3,46,172.1140231006,tap,rctrl
PFC,PFC020,B2,209,3,46,172.7539750999,tap,rctrl
PFC,PFC020,B2,210,3,47,172.8626108998,stimulus,
PFC,PFC020,B2,210,3,47,173.6021105004,tap,rctrl
PFC,PFC020,B2,211,3,48,173.6126322998,stimulus,
PFC,PFC020,B2,211,3,48,174.2740484001,tap,rctrl
PFC,PFC020,B2,212,3,49,174.3626337005,stimulus,
PFC,PFC020,B2,213,3,50,175.1126482002,stimulus,
PFC,PFC020,B2,213,3,50,175.1220273999,tap,rctrl
PFC,PFC020,B2,213,3,50,175.8100490998,tap,rctrl
PFC,PFC020,B2,214,3,51,175.8626623005,stimulus,
PFC,PFC020,B2,214,3,51,176.5460671000,tap,rctrl
PFC,PFC020,B2,215,3,52,176.6126885004,stimulus,
PFC,PFC020,B2,215,3,52,177.2660207003,tap,rctrl
PFC,PFC020,B2,216,3,53,177.3627002006,stimulus,
PFC,PFC020,B2,216,3,53,177.9859933006,tap,rctrl
PFC,PFC020,B2,217,3,54,178.1127118003,stimulus,
PFC,PFC020,B2,217,3,54,178.6901208004,tap,rctrl
PFC,PFC020,B2,218,3,55,178.8627312006,stimulus,
PFC,PFC020,B2,218,3,55,179.5220049005,tap,rctrl
PFC,PFC020,B2,219,3,56,179.6127393004,stimulus,
PFC,PFC020,B2,219,3,56,180.3060486000,tap,lctrl
PFC,PFC020,B2,220,3,57,180.3627503002,stimulus,
PFC,PFC020,B2,220,3,57,181.0101033999,tap,lctrl
PFC,PFC020,B2,221,3,58,181.1127607003,stimulus,
PFC,PFC020,B2,221,3,58,181.7140290001,tap,rctrl
PFC,PFC020,B2,222,3,59,181.8627706002,stimulus,
PFC,PFC020,B2,222,3,59,182.4499764005,tap,lctrl
PFC,PFC020,B2,223,3,60,182.6127864001,stimulus,
PFC,PFC020,B2,223,3,60,183.2500363998,tap,rctrl
PFC,PFC020,B2,224,3,61,183.3628075998,stimulus,
PFC,PFC020,B2,224,3,61,184.0500095002,tap,lctrl
PFC,PFC020,B2,225,3,62,184.1128202006,stimulus,
PFC,PFC020,B2,226,3,63,184.8628384005,stimulus,
PFC,PFC020,B2,226,3,63,184.8661430003,tap,rctrl
PFC,PFC020,B2,227,3,64,185.6128476001,stimulus,
PFC,PFC020,B2,227,3,64,185.6499827001,tap,lctrl
PFC,PFC020,B2,228,3,65,186.3628714997,stimulus,
PFC,PFC020,B2,228,3,65,186.3859934006,tap,rctrl
PFC,PFC020,B2,229,3,66,187.1128834002,stimulus,
PFC,PFC020,B2,229,3,66,187.1219805004,tap,rctrl
PFC,PFC020,B2,230,3,67,187.8628949998,stimulus,
PFC,PFC020,B2,230,3,67,187.8900444005,tap,rctrl
PFC,PFC020,B2,231,3,68,188.6129207006,stimulus,
PFC,PFC020,B2,231,3,68,188.6580460006,tap,lctrl
PFC,PFC020,B2,231,3,68,189.2820498003,tap,lctrl
PFC,PFC020,B2,232,3,69,189.3629266005,stimulus,
PFC,PFC020,B2,232,3,69,190.0820316998,tap,lctrl
PFC,PFC020,B2,233,3,70,190.1129378006,stimulus,
PFC,PFC020,B2,233,3,70,190.7700161003,tap,lctrl
PFC,PFC020,B2,234,3,71,190.8629516000,stimulus,
PFC,PFC020,B2,234,3,71,191.5540236998,tap,lctrl
PFC,PFC020,B2,235,3,72,191.6129667005,stimulus,
PFC,PFC020,B2,236,3,73,192.3629836002,stimulus,
PFC,PFC020,B2,236,3,73,192.4179929998,tap,rctrl
PFC,PFC020,B2,237,3,74,193.1130007003,stimulus,
PFC,PFC020,B2,237,3,74,193.1219926002,tap,rctrl
PFC,PFC020,B2,238,3,75,193.8630256001,stimulus,
PFC,PFC020,B2,238,3,75,193.8900072007,tap,rctrl
PFC,PFC020,B2,238,3,75,194.5459900005,tap,rctrl
PFC,PFC020,B2,239,3,76,194.6130308006,stimulus,
PFC,PFC020,B2,239,3,76,195.2819857001,tap,rctrl
PFC,PFC020,B2,240,3,77,195.3630581005,stimulus,
PFC,PFC020,B2,240,3,77,195.9860396003,tap,rctrl
PFC,PFC020,B2,241,3,78,196.1130617000,stimulus,
PFC,PFC020,B2,241,3,78,196.7379846005,tap,rctrl
PFC,PFC020,B2,242,3,79,196.8630748000,stimulus,
PFC,PFC020,B2,242,3,79,197.4580091005,tap,rctrl
PFC,PFC020,B2,243,3,80,197.6130928006,stimulus,
PFC,PFC020,B2,243,3,80,198.2739680000,tap,lctrl
PFC,PFC020,B2,244,3,81,198.3631035006,stimulus,
PFC,PFC020,B2,244,3,81,198.9781242004,tap,rctrl
PFC,PFC020,B2,245,3,82,199.1131274002,stimulus,
PFC,PFC020,B2,245,3,82,199.6819855003,tap,lctrl
PFC,PFC020,B2,246,3,83,199.8631337006,stimulus,
PFC,PFC020,B2,246,3,83,200.4821827002,tap,rctrl
PFC,PFC020,B2,247,3,84,200.6131490003,stimulus,
PFC,PFC020,B2,247,3,84,201.2500919998,tap,lctrl
PFC,PFC020,B2,248,3,85,201.3631611997,stimulus,
PFC,PFC020,B2,248,3,85,202.0020118998,tap,rctrl
PFC,PFC020,B2,249,3,86,202.1131779002,stimulus,
PFC,PFC020,B2,249,3,86,202.8180518001,tap,lctrl
PFC,PFC020,B2,250,3,87,202.8631912004,stimulus,
PFC,PFC020,B2,250,3,87,203.5860893000,tap,rctrl
PFC,PFC020,B2,251,3,88,203.6132174004,stimulus,
PFC,PFC020,B2,251,3,88,204.3379873000,tap,lctrl
PFC,PFC020,B2,252,3,89,204.3632247997,stimulus,
PFC,PFC020,B2,252,3,89,205.0420655003,tap,rctrl
PFC,PFC020,B2,253,3,90,205.1132494006,stimulus,
PFC,PFC020,B2,253,3,90,205.8100011004,tap,lctrl
PFC,PFC020,B2,254,3,90,211.4556042999,probe1,3
PFC,PFC020,B2,254,3,90,213.0234305998,probe2,0
PFC,PFC020,B2,254,3,90,214.5911681000,probe3,0
PFC,PFC020,B2,255,4,1,215.3591761999,stimulus,
PFC,PFC020,B2,255,4,1,215.3595539005,tap,rctrl
PFC,PFC020,B2,255,4,1,216.0020198002,tap,rctrl
PFC,PFC020,B2,256,4,2,216.1091712005,stimulus,
PFC,PFC020,B2,256,4,2,216.7862005001,tap,rctrl
PFC,PFC020,B2,257,4,3,216.8592023002,stimulus,
PFC,PFC020,B2,257,4,3,217.5220423006,tap,rctrl
PFC,PFC020,B2,258,4,4,217.6091994001,stimulus,
PFC,PFC020,B2,258,4,4,218.2260313006,tap,rctrl
PFC,PFC020,B2,259,4,5,218.3592189997,stimulus,
PFC,PFC020,B2,259,4,5,218.9620180000,tap,rctrl
PFC,PFC020,B2,260,4,6,219.1092338003,stimulus,
PFC,PFC020,B2,260,4,6,219.6980961002,tap,rctrl
PFC,PFC020,B2,261,4,7,219.8592416001,stimulus,
PFC,PFC020,B2,261,4,7,220.4980477998,tap,rctrl
PFC,PFC020,B2,262,4,8,220.6092563001,stimulus,
PFC,PFC020,B2,262,4,8,220.9939892003,tap,rctrl
PFC,PFC020,B2,263,4,9,221.3592753001,stimulus,
PFC,PFC020,B2,263,4,9,222.0340103004,tap,rctrl
PFC,PFC020,B2,264,4,10,222.1092877006,stimulus,
PFC,PFC020,B2,264,4,10,222.8500156002,tap,rctrl
PFC,PFC020,B2,265,4,11,222.8592969999,stimulus,
PFC,PFC020,B2,265,4,11,223.5860354006,tap,rctrl
PFC,PFC020,B2,266,4,12,223.6093167001,stimulus,
PFC,PFC020,B2,266,4,12,224.3540046997,tap,rctrl
PFC,PFC020,B2,267,4,13,224.3593305005,stimulus,
PFC,PFC020,B2,267,4,13,225.0740151005,tap,rctrl
PFC,PFC020,B2,268,4,14,225.1093458002,stimulus,
PFC,PFC020,B2,269,4,15,225.8593564006,stimulus,
PFC,PFC020,B2,269,4,15,225.9701088006,tap,rctrl
PFC,PFC020,B2,269,4,15,226.5780864004,tap,rctrl
PFC,PFC020,B2,270,4,16,226.6093736999,stimulus,
PFC,PFC020,B2,271,4,17,227.3593862001,stimulus,
PFC,PFC020,B2,271,4,17,227.4100585002,tap,lctrl
PFC,PFC020,B2,272,4,18,228.1094204998,stimulus,
PFC,PFC020,B2,272,4,18,228.1621468998,tap,lctrl
PFC,PFC020,B2,273,4,19,228.8594217999,stimulus,
PFC,PFC020,B2,273,4,19,228.8660337003,tap,lctrl
PFC,PFC020,B2,273,4,19,229.4580033002,tap,rctrl
PFC,PFC020,B2,274,4,20,229.6094246004,stimulus,
PFC,PFC020,B2,274,4,20,230.1140516000,tap,rctrl
PFC,PFC020,B2,275,4,21,230.3594391001,stimulus,
PFC,PFC020,B2,275,4,21,230.6100687999,tap,rctrl
PFC,PFC020,B2,275,4,21,231.0580292000,tap,rctrl
PFC,PFC020,B2,276,4,22,231.1094502006,stimulus,
PFC,PFC020,B2,276,4,22,231.6660644999,tap,rctrl
PFC,PFC020,B2,277,4,23,231.8594631003,stimulus,
PFC,PFC020,B2,278,4,24,232.6094725998,stimulus,
PFC,PFC020,B2,278,4,24,232.7860329999,tap,lctrl
PFC,PFC020,B2,278,4,24,233.3460015003,tap,rctrl
PFC,PFC020,B2,279,4,25,233.3594994005,stimulus,
PFC,PFC020,B2,279,4,25,234.0340294000,tap,rctrl
PFC,PFC020,B2,280,4,26,234.1095109005,stimulus,
PFC,PFC020,B2,280,4,26,234.7541581998,tap,rctrl
PFC,PFC020,B2,281,4,27,234.8595427005,stimulus,
PFC,PFC020,B2,281,4,27,235.5060175005,tap,lctrl
PFC,PFC020,B2,282,4,28,235.6095391000,stimulus,
PFC,PFC020,B2,282,4,28,236.3060998004,tap,rctrl
PFC,PFC020,B2,283,4,29,236.3595572999,stimulus,
PFC,PFC020,B2,283,4,29,236.9940235000,tap,lctrl
PFC,PFC020,B2,284,4,30,237.1095671002,stimulus,
PFC,PFC020,B2,285,4,31,237.8595788004,stimulus,
PFC,PFC020,B2,285,4,31,237.9540188005,tap,lctrl
PFC,PFC020,B2,285,4,31,238.5620312002,tap,rctrl
PFC,PFC020,B2,286,4,32,238.6096072001,stimulus,
PFC,PFC020,B2,286,4,32,239.2340377001,tap,lctrl
PFC,PFC020,B2,287,4,33,239.3596160999,stimulus,
PFC,PFC020,B2,287,4,33,240.0500057004,tap,rctrl
PFC,PFC020,B2,288,4,34,240.1096245004,stimulus,
PFC,PFC020,B2,288,4,34,240.8500121003,tap,lctrl
PFC,PFC020,B2,289,4,35,240.8596414998,stimulus,
PFC,PFC020,B2,289,4,35,241.5220153006,tap,rctrl
PFC,PFC020,B2,290,4,36,241.6096513001,stimulus,
PFC,PFC020,B2,290,4,36,242.3540336005,tap,lctrl
PFC,PFC020,B2,291,4,37,242.3596673999,stimulus,
PFC,PFC020,B2,292,4,38,243.1096819006,stimulus,
PFC,PFC020,B2,292,4,38,243.1380126001,tap,rctrl
PFC,PFC020,B2,292,4,38,243.8420732999,tap,lctrl
PFC,PFC020,B2,293,4,39,243.8597058002,stimulus,
PFC,PFC020,B2,294,4,40,244.6097101998,stimulus,
PFC,PFC020,B2,294,4,40,244.7221130002,tap,rctrl
PFC,PFC020,B2,294,4,40,245.3460229002,tap,lctrl
PFC,PFC020,B2,295,4,41,245.3597304998,stimulus,
PFC,PFC020,B2,295,4,41,245.9860652005,tap,rctrl
PFC,PFC020,B2,296,4,42,246.1097463006,stimulus,
PFC,PFC020,B2,297,4,43,246.8597555999,stimulus,
PFC,PFC020,B2,297,4,43,246.8660219004,tap,rctrl
PFC,PFC020,B2,297,4,43,247.5540356999,tap,rctrl
PFC,PFC020,B2,298,4,44,247.6097765006,stimulus,
PFC,PFC020,B2,298,4,44,248.3060495006,tap,rctrl
PFC,PFC020,B2,299,4,45,248.3597975997,stimulus,
PFC,PFC020,B2,299,4,45,249.0581039004,tap,lctrl
PFC,PFC020,B2,300,4,46,249.1098060999,stimulus,
PFC,PFC020,B2,300,4,46,249.7781047001,tap,rctrl
PFC,PFC020,B2,301,4,47,249.8598392000,stimulus,
PFC,PFC020,B2,301,4,47,250.4501010999,tap,lctrl
PFC,PFC020,B2,302,4,48,250.6098410003,stimulus,
PFC,PFC020,B2,302,4,48,251.3140238998,tap,rctrl
PFC,PFC020,B2,303,4,49,251.3598429998,stimulus,
PFC,PFC020,B2,303,4,49,252.0180393001,tap,lctrl
PFC,PFC020,B2,304,4,50,252.1098607006,stimulus,
PFC,PFC020,B2,304,4,50,252.8500863006,tap,rctrl
PFC,PFC020,B2,305,4,51,252.8598671006,stimulus,
PFC,PFC020,B2,305,4,51,253.5540331006,tap,rctrl
PFC,PFC020,B2,306,4,52,253.6098869005,stimulus,
PFC,PFC020,B2,306,4,52,254.3540502004,tap,rctrl
PFC,PFC020,B2,307,4,53,254.3598952005,stimulus,
PFC,PFC020,B2,307,4,53,255.0100784004,tap,rctrl
PFC,PFC020,B2,308,4,54,255.1099071000,stimulus,
PFC,PFC020,B2,308,4,54,255.8101018006,tap,rctrl
PFC,PFC020,B2,309,4,55,255.8599132001,stimulus,
PFC,PFC020,B2,309,4,55,256.5300559001,tap,rctrl
PFC,PFC020,B2,310,4,56,256.6099298000,stimulus,
PFC,PFC020,B2,311,4,56,261.0620319005,probe1,3
PFC,PFC020,B2,311,4,56,262.6308506997,probe2,0
PFC,PFC020,B2,311,4,56,264.1986615006,probe3,0
PFC,PFC020,B2,312,5,1,264.9666993003,stimulus,
PFC,PFC020,B2,312,5,1,265.2020815006,tap,rctrl
PFC,PFC020,B2,313,5,2,265.7166814003,stimulus,
PFC,PFC020,B2,313,5,2,265.7940958999,tap,rctrl
PFC,PFC020,B2,314,5,3,266.4666876001,stimulus,
PFC,PFC020,B2,314,5,3,266.4820293998,tap,rctrl
PFC,PFC020,B2,315,5,4,267.2167226998,stimulus,
PFC,PFC020,B2,316,5,5,267.9667554004,stimulus,
PFC,PFC020,B2,316,5,5,267.9861010006,tap,rctrl
PFC,PFC020,B2,317,5,6,268.7167778006,stimulus,
PFC,PFC020,B2,317,5,6,268.7542110002,tap,lctrl
PFC,PFC020,B2,317,5,6,269.4260191005,tap,rctrl
PFC,PFC020,B2,318,5,7,269.4667691002,stimulus,
PFC,PFC020,B2,318,5,7,270.2100269999,tap,rctrl
PFC,PFC020,B2,319,5,8,270.2167782998,stimulus,
PFC,PFC020,B2,319,5,8,270.8980619004,tap,rctrl
PFC,PFC020,B2,320,5,9,270.9667896004,stimulus,
PFC,PFC020,B2,320,5,9,271.1860075006,tap,rctrl
PFC,PFC020,B2,321,5,10,271.7168099005,stimulus,
PFC,PFC020,B2,321,5,10,272.0980096003,tap,rctrl
PFC,PFC020,B2,322,5,11,272.4668059004,stimulus,
PFC,PFC020,B2,322,5,11,272.5779958004,tap,rctrl
PFC,PFC020,B2,322,5,11,273.1060853004,tap,rctrl
PFC,PFC020,B2,323,5,12,273.2168203006,stimulus,
PFC,PFC020,B2,323,5,12,273.9540773006,tap,rctrl
PFC,PFC020,B2,324,5,13,273.9668449005,stimulus,
PFC,PFC020,B2,325,5,14,274.7168568000,stimulus,
PFC,PFC020,B2,325,5,14,274.7220242005,tap,rctrl
PFC,PFC020,B2,325,5,14,275.4580938006,tap,lctrl
PFC,PFC020,B2,326,5,15,275.4668743005,stimulus,
PFC,PFC020,B2,326,5,15,276.1460076002,tap,lctrl
PFC,PFC020,B2,327,5,16,276.2168880999,stimulus,
PFC,PFC020,B2,327,5,16,276.8980915006,tap,lctrl
PFC,PFC020,B2,328,5,17,276.9668953000,stimulus,
PFC,PFC020,B2,328,5,17,277.6820772002,tap,lctrl
PFC,PFC020,B2,329,5,18,277.7169078002,stimulus,
PFC,PFC020,B2,329,5,18,278.4340427006,tap,rctrl
PFC,PFC020,B2,330,5,19,278.4669257002,stimulus,
PFC,PFC020,B2,331,5,20,279.2169524003,stimulus,
PFC,PFC020,B2,331,5,20,279.2340160003,tap,rctrl
PFC,PFC020,B2,332,5,21,279.9669658002,stimulus,
PFC,PFC020,B2,332,5,21,279.9701262005,tap,rctrl
PFC,PFC020,B2,333,5,22,280.7169638006,stimulus,
PFC,PFC020,B2,333,5,22,280.7220345000,tap,rctrl
PFC,PFC020,B2,334,5,23,281.4669920998,stimulus,
PFC,PFC020,B2,334,5,23,281.4740396999,tap,rctrl
PFC,PFC020,B2,334,5,23,282.1780415000,tap,rctrl
PFC,PFC020,B2,335,5,24,282.2170032999,stimulus,
PFC,PFC020,B2,336,5,25,282.9670257000,stimulus,
PFC,PFC020,B2,336,5,25,283.0260979999,tap,rctrl
PFC,PFC020,B2,336,5,25,283.6660890002,tap,rctrl
PFC,PFC020,B2,337,5,26,283.7170361001,stimulus,
PFC,PFC020,B2,337,5,26,284.3380144006,tap,rctrl
PFC,PFC020,B2,338,5,27,284.4670574004,stimulus,
PFC,PFC020,B2,338,5,27,285.1382197998,tap,lctrl
PFC,PFC020,B2,339,5,28,285.2170743998,stimulus,
PFC,PFC020,B2,339,5,28,285.8580317004,tap,lctrl
PFC,PFC020,B2,340,5,29,285.9670833005,stimulus,
PFC,PFC020,B2,341,5,30,286.7171018999,stimulus,
PFC,PFC020,B2,341,5,30,286.7381394999,tap,rctrl
PFC,PFC020,B2,341,5,30,287.4262327999,tap,rctrl
PFC,PFC020,B2,342,5,31,287.4671283001,stimulus,
PFC,PFC020,B2,342,5,31,288.1621006997,tap,rctrl
PFC,PFC020,B2,343,5,32,288.2171386005,stimulus,
PFC,PFC020,B2,343,5,32,288.9140714006,tap,lctrl
PFC,PFC020,B2,344,5,33,288.9671504004,stimulus,
PFC,PFC020,B2,344,5,33,289.6821664004,tap,rctrl
PFC,PFC020,B2,345,5,34,289.7171737999,stimulus,
PFC,PFC020,B2,345,5,34,290.4661747999,tap,lctrl
PFC,PFC020,B2,346,5,35,290.4671927001,stimulus,
PFC,PFC020,B2,347,5,36,291.2172087999,stimulus,
PFC,PFC020,B2,347,5,36,291.3142511006,tap,rctrl
PFC,PFC020,B2,348,5,37,291.9672109000,stimulus,
PFC,PFC020,B2,348,5,37,292.0660219006,tap,lctrl
PFC,PFC020,B2,349,5,38,292.7172135003,stimulus,
PFC,PFC020,B2,349,5,38,292.7380239004,tap,rctrl
PFC,PFC020,B2,349,5,38,293.4580362001,tap,rctrl
PFC,PFC020,B2,350,5,39,293.4672292005,stimulus,
PFC,PFC020,B2,350,5,39,294.1780168004,tap,rctrl
PFC,PFC020,B2,351,5,40,294.2172381002,stimulus,
PFC,PFC020,B2,351,5,40,294.9300583005,tap,rctrl
PFC,PFC020,B2,352,5,41,294.9672619002,stimulus,
PFC,PFC020,B2,352,5,41,295.6820435999,tap,rctrl
PFC,PFC020,B2,353,5,42,295.7172673000,stimulus,
PFC,PFC020,B2,354,5,43,296.4672816005,stimulus,
PFC,PFC020,B2,354,5,43,296.4980282998,tap,lctrl
PFC,PFC020,B2,355,5,44,297.2173033999,stimulus,
PFC,PFC020,B2,355,5,44,297.2180275004,tap,rctrl
PFC,PFC020,B2,355,5,44,297.9060532004,tap,lctrl
PFC,PFC020,B2,356,5,45,297.9673122000,stimulus,
PFC,PFC020,B2,356,5,45,298.6580061000,tap,rctrl
PFC,PFC020,B2,357,5,46,298.7173151001,stimulus,
PFC,PFC020,B2,358,5,47,299.4673265005,stimulus,
PFC,PFC020,B2,358,5,47,299.4900211999,tap,rctrl
PFC,PFC020,B2,358,5,47,300.2101190006,tap,rctrl
PFC,PFC020,B2,359,5,48,300.2173437998,stimulus,
PFC,PFC020,B2,359,5,48,300.9301103000,tap,lctrl
PFC,PFC020,B2,360,5,49,300.9673543004,stimulus,
PFC,PFC020,B2,361,5,50,301.7173672998,stimulus,
PFC,PFC020,B2,361,5,50,301.7781242002,tap,lctrl
PFC,PFC020,B2,362,5,51,302.4673845004,stimulus,
PFC,PFC020,B2,363,5,52,303.2173870998,stimulus,
PFC,PFC020,B2,364,5,53,303.9674070003,stimulus,
PFC,PFC020,B2,364,5,53,304.7060933998,tap,lctrl
PFC,PFC020,B2,365,5,54,304.7174150003,stimulus,
PFC,PFC020,B2,366,5,55,305.4674524004,stimulus,
PFC,PFC020,B2,366,5,55,305.5060592005,tap,rctrl
PFC,PFC020,B2,366,5,55,306.2101333002,tap,lctrl
PFC,PFC020,B2,367,5,56,306.2174712000,stimulus,
PFC,PFC020,B2,368,5,57,306.9674720000,stimulus,
PFC,PFC020,B2,368,5,57,306.9940274004,tap,rctrl
PFC,PFC020,B2,368,5,57,307.6180122998,tap,rctrl
PFC,PFC020,B2,369,5,58,307.7174869003,stimulus,
PFC,PFC020,B2,369,5,58,308.3860052004,tap,rctrl
PFC,PFC020,B2,370,5,59,308.4674967006,stimulus,
PFC,PFC020,B2,371,5,60,309.2175126001,stimulus,
PFC,PFC020,B2,371,5,60,309.2500811005,tap,lctrl
PFC,PFC020,B2,372,5,61,309.9675325006,stimulus,
PFC,PFC020,B2,372,5,61,310.0340357004,tap,rctrl
PFC,PFC020,B2,373,5,62,310.7175383000,stimulus,
PFC,PFC020,B2,373,5,62,310.7700073002,tap,lctrl
PFC,PFC020,B2,374,5,63,311.4675551997,stimulus,
PFC,PFC020,B2,374,5,63,311.4900082005,tap,rctrl
PFC,PFC020,B2,374,5,63,312.1780332001,tap,lctrl
PFC,PFC020,B2,375,5,64,312.2175703002,stimulus,
PFC,PFC020,B2,376,5,65,312.9675852004,stimulus,
PFC,PFC020,B2,376,5,65,312.9940375006,tap,rctrl
PFC,PFC020,B2,377,5,66,313.7175917001,stimulus,
PFC,PFC020,B2,377,5,66,313.7460569004,tap,lctrl
PFC,PFC020,B2,377,5,66,314.4340709001,tap,rctrl
PFC,PFC020,B2,378,5,67,314.4676080998,stimulus,
PFC,PFC020,B2,378,5,67,315.2020958001,tap,lctrl
PFC,PFC020,B2,379,5,68,315.2176272999,stimulus,
PFC,PFC020,B2,379,5,68,315.9380142000,tap,rctrl
PFC,PFC020,B2,380,5,69,315.9676377000,stimulus,
PFC,PFC020,B2,380,5,69,316.7062507002,tap,lctrl
PFC,PFC020,B2,381,5,70,316.7176467003,stimulus,
PFC,PFC020,B2,381,5,70,317.4100112999,tap,rctrl
PFC,PFC020,B2,382,5,71,317.4676608006,stimulus,
PFC,PFC020,B2,382,5,71,318.1781298006,tap,lctrl
PFC,PFC020,B2,383,5,72,318.2176764002,stimulus,
PFC,PFC020,B2,383,5,72,318.9621051000,tap,rctrl
PFC,PFC020,B2,384,5,73,318.9676935999,stimulus,
PFC,PFC020,B2,384,5,73,319.7140154000,tap,lctrl
PFC,PFC020,B2,385,5,74,319.7177010002,stimulus,
PFC,PFC020,B2,385,5,74,320.4660600005,tap,rctrl
PFC,PFC020,B2,386,5,75,320.4677188005,stimulus,
PFC,PFC020,B2,386,5,75,321.1700391006,tap,lctrl
PFC,PFC020,B2,387,5,76,321.2177247005,stimulus,
PFC,PFC020,B2,388,5,76,325.4319229005,probe1,3
PFC,PFC020,B2,388,5,76,326.9997557001,probe2,0
PFC,PFC020,B2,388,5,76,328.5685311006,probe3,0
PFC,PFC020,B2,389,6,1,329.3365345001,stimulus,
PFC,PFC020,B2,389,6,1,329.3369383002,tap,rctrl
PFC,PFC020,B2,390,6,2,330.0865242006,stimulus,
PFC,PFC020,B2,390,6,2,330.1140970001,tap,lctrl
PFC,PFC020,B2,391,6,3,330.8365444997,stimulus,
PFC,PFC020,B2,391,6,3,330.8661023006,tap,rctrl
PFC,PFC020,B2,391,6,3,331.5860176003,tap,rctrl
PFC,PFC020,B2,392,6,4,331.5865636999,stimulus,
PFC,PFC020,B2,393,6,5,332.3365767999,stimulus,
PFC,PFC020,B2,393,6,5,332.3381196000,tap,lctrl
PFC,PFC020,B2,394,6,6,333.0866010003,stimulus,
PFC,PFC020,B2,394,6,6,333.1061155004,tap,lctrl
PFC,PFC020,B2,394,6,6,333.8100161999,tap,rctrl
PFC,PFC020,B2,395,6,7,333.8366079004,stimulus,
PFC,PFC020,B2,395,6,7,334.5620274004,tap,rctrl
PFC,PFC020,B2,396,6,8,334.5866202004,stimulus,
PFC,PFC020,B2,397,6,9,335.3366363002,stimulus,
PFC,PFC020,B2,397,6,9,335.3780340003,tap,lctrl
PFC,PFC020,B2,398,6,10,336.0866616005,stimulus,
PFC,PFC020,B2,398,6,10,336.1140459003,tap,rctrl
PFC,PFC020,B2,399,6,11,336.8366659004,stimulus,
PFC,PFC020,B2,399,6,11,336.8660300002,tap,lctrl
PFC,PFC020,B2,399,6,11,337.5700150002,tap,rctrl
PFC,PFC020,B2,400,6,12,337.5866748998,stimulus,
PFC,PFC020,B2,401,6,13,338.3366825003,stimulus,
PFC,PFC020,B2,401,6,13,338.3860165998,tap,rctrl
PFC,PFC020,B2,401,6,13,339.0740735000,tap,rctrl
PFC,PFC020,B2,402,6,14,339.0867114002,stimulus,
PFC,PFC020,B2,402,6,14,339.8259899998,tap,rctrl
PFC,PFC020,B2,403,6,15,339.8367168000,stimulus,
PFC,PFC020,B2,403,6,15,340.5780763002,tap,lctrl
PFC,PFC020,B2,404,6,16,340.5867420007,stimulus,
PFC,PFC020,B2,405,6,17,341.3367511006,stimulus,
PFC,PFC020,B2,405,6,17,341.3780263998,tap,rctrl
PFC,PFC020,B2,406,6,18,342.0867632004,stimulus,
PFC,PFC020,B2,406,6,18,342.1140727000,tap,rctrl
PFC,PFC020,B2,406,6,18,342.7860633004,tap,rctrl
PFC,PFC020,B2,407,6,19,342.8367801001,stimulus,
PFC,PFC020,B2,407,6,19,343.4580672998,tap,rctrl
PFC,PFC020,B2,408,6,20,343.5867939005,stimulus,
PFC,PFC020,B2,408,6,20,344.2100606998,tap,rctrl
PFC,PFC020,B2,409,6,21,344.3368065003,stimulus,
PFC,PFC020,B2,409,6,21,344.9620933002,tap,rctrl
PFC,PFC020,B2,410,6,22,345.0868278006,stimulus,
PFC,PFC020,B2,411,6,23,345.8368319999,stimulus,
PFC,PFC020,B2,411,6,23,346.4661165001,tap,rctrl
PFC,PFC020,B2,412,6,24,346.5868504997,stimulus,
PFC,PFC020,B2,412,6,24,347.2660870999,tap,rctrl
PFC,PFC020,B2,413,6,25,347.3368704999,stimulus,
PFC,PFC020,B2,413,6,25,347.9701207997,tap,rctrl
PFC,PFC020,B2,414,6,26,348.0868897000,stimulus,
PFC,PFC020,B2,414,6,26,348.6740571000,tap,lctrl
PFC,PFC020,B2,415,6,27,348.8368933005,stimulus,
PFC,PFC020,B2,415,6,27,349.3940492999,tap,rctrl
PFC,PFC020,B2,416,6,28,349.5869053006,stimulus,
PFC,PFC020,B2,416,6,28,350.1620246004,tap,lctrl
PFC,PFC020,B2,417,6,29,350.3369209003,stimulus,
PFC,PFC020,B2,417,6,29,350.7220624005,tap,lctrl
PFC,PFC020,B2,418,6,30,351.0869372003,stimulus,
PFC,PFC020,B2,418,6,30,351.6340402998,tap,rctrl
PFC,PFC020,B2,419,6,31,351.8369359998,stimulus,
PFC,PFC020,B2,419,6,31,352.4339569006,tap,lctrl
PFC,PFC020,B2,420,6,32,352.5869463999,stimulus,
PFC,PFC020,B2,420,6,32,353.1539903004,tap,rctrl
PFC,PFC020,B2,421,6,33,353.3369554002,stimulus,
PFC,PFC020,B2,421,6,33,353.9860112006,tap,lctrl
PFC,PFC020,B2,422,6,34,354.0869747000,stimulus,
PFC,PFC020,B2,422,6,34,354.7219829001,tap,rctrl
PFC,PFC020,B2,423,6,35,354.8369843001,stimulus,
PFC,PFC020,B2,423,6,35,355.5380213000,tap,lctrl
PFC,PFC020,B2,424,6,36,355.5870109005,stimulus,
PFC,PFC020,B2,424,6,36,356.2580067003,tap,rctrl
PFC,PFC020,B2,425,6,37,356.3370102998,stimulus,
PFC,PFC020,B2,425,6,37,356.9781304998,tap,rctrl
PFC,PFC020,B2,426,6,38,357.0870284000,stimulus,
PFC,PFC020,B2,426,6,38,357.6980576999,tap,rctrl
PFC,PFC020,B2,427,6,39,357.8370321002,stimulus,
PFC,PFC020,B2,427,6,39,358.5139998998,tap,rctrl
PFC,PFC020,B2,428,6,40,358.5870508999,stimulus,
PFC,PFC020,B2,428,6,40,359.1540707005,tap,rctrl
PFC,PFC020,B2,429,6,41,359.3370652003,stimulus,
PFC,PFC020,B2,429,6,41,359.9859878998,tap,rctrl
PFC,PFC020,B2,430,6,42,360.0870727999,stimulus,
PFC,PFC020,B2,430,6,42,360.7381202998,tap,lctrl
PFC,PFC020,B2,431,6,43,360.8370957002,stimulus,
PFC,PFC020,B2,431,6,43,361.5059933001,tap,rctrl
PFC,PFC020,B2,432,6,44,361.5871085003,stimulus,
PFC,PFC020,B2,432,6,44,362.1939821998,tap,rctrl
PFC,PFC020,B2,433,6,45,362.3371202005,stimulus,
PFC,PFC020,B2,433,6,45,362.9620633004,tap,rctrl
PFC,PFC020,B2,434,6,46,363.0871331003,stimulus,
PFC,PFC020,B2,435,6,47,363.8371513002,stimulus,
PFC,PFC020,B2,435,6,47,363.9060984002,tap,rctrl
PFC,PFC020,B2,436,6,48,364.5871676998,stimulus,
PFC,PFC020,B2,437,6,49,365.3371807998,stimulus,
PFC,PFC020,B2,437,6,49,365.6180638000,tap,rctrl
PFC,PFC020,B2,438,6,50,366.0872033006,stimulus,
PFC,PFC020,B2,439,6,51,366.8372007003,stimulus,
PFC,PFC020,B2,440,6,52,367.5872105006,stimulus,
PFC,PFC020,B2,441,6,53,368.3372288002,stimulus,
PFC,PFC020,B2,442,6,54,369.0872367006,stimulus,
PFC,PFC020,B2,442,6,54,369.3621009998,tap,rctrl
PFC,PFC020,B2,443,6,55,369.8372589005,stimulus,
PFC,PFC020,B2,443,6,55,369.8420115998,tap,rctrl
PFC,PFC020,B2,443,6,55,370.5459914003,tap,rctrl
PFC,PFC020,B2,444,6,56,370.5872649001,stimulus,
PFC,PFC020,B2,445,6,57,371.3372852001,stimulus,
PFC,PFC020,B2,445,6,57,371.3460589005,tap,lctrl
PFC,PFC020,B2,446,6,57,375.8571934998,probe1,2
PFC,PFC020,B2,446,6,57,377.4240025999,probe2,1
PFC,PFC020,B2,446,6,57,379.0266877003,probe3,0
PFC,PFC020,B2,447,7,1,379.7947137998,stimulus,
PFC,PFC020,B2,447,7,1,379.7950766003,tap,rctrl
PFC,PFC020,B2,447,7,1,380.3540615998,tap,rctrl
PFC,PFC020,B2,448,7,2,380.5447069006,stimulus,
PFC,PFC020,B2,449,7,3,381.2947129998,stimulus,
PFC,PFC020,B2,449,7,3,381.3141087005,tap,lctrl
PFC,PFC020,B2,449,7,3,381.9860017998,tap,rctrl
PFC,PFC020,B2,450,7,4,382.0447281003,stimulus,
PFC,PFC020,B2,450,7,4,382.7060935004,tap,lctrl
PFC,PFC020,B2,451,7,5,382.7947401004,stimulus,
PFC,PFC020,B2,451,7,5,383.4420392001,tap,rctrl
PFC,PFC020,B2,452,7,6,383.5447562002,stimulus,
PFC,PFC020,B2,453,7,7,384.2947776997,stimulus,
PFC,PFC020,B2,453,7,7,384.3860947005,tap,lctrl
PFC,PFC020,B2,454,7,8,385.0448083999,stimulus,
PFC,PFC020,B2,454,7,8,385.1221041000,tap,rctrl
PFC,PFC020,B2,455,7,9,385.7948121000,stimulus,
PFC,PFC020,B2,455,7,9,386.4659925997,tap,rctrl
PFC,PFC020,B2,456,7,10,386.5448198002,stimulus,
PFC,PFC020,B2,457,7,11,387.2948278002,stimulus,
PFC,PFC020,B2,457,7,11,387.9860711005,tap,rctrl
PFC,PFC020,B2,458,7,12,388.0448396001,stimulus,
PFC,PFC020,B2,459,7,13,388.7948548002,stimulus,
PFC,PFC020,B2,460,7,14,389.5448657004,stimulus,
PFC,PFC020,B2,460,7,14,389.8260165006,tap,rctrl
PFC,PFC020,B2,461,7,15,390.2948959004,stimulus,
PFC,PFC020,B2,461,7,15,390.3061175998,tap,rctrl
PFC,PFC020,B2,461,7,15,390.9940403998,tap,rctrl
PFC,PFC020,B2,462,7,16,391.0449032001,stimulus,
PFC,PFC020,B2,462,7,16,391.7780431006,tap,rctrl
PFC,PFC020,B2,463,7,17,391.7949174000,stimulus,
PFC,PFC020,B2,464,7,18,392.5449321000,stimulus,
PFC,PFC020,B2,465,7,19,393.2949419003,stimulus,
PFC,PFC020,B2,465,7,19,393.9221096002,tap,rctrl
PFC,PFC020,B2,466,7,20,394.0449587004,stimulus,
PFC,PFC020,B2,466,7,20,394.7380486000,tap,rctrl
PFC,PFC020,B2,467,7,21,394.7949718004,stimulus,
PFC,PFC020,B2,467,7,21,395.4420114001,tap,rctrl
PFC,PFC020,B2,468,7,22,395.5449950006,stimulus,
PFC,PFC020,B2,469,7,23,396.2949989000,stimulus,
PFC,PFC020,B2,470,7,24,397.0450065006,stimulus,
PFC,PFC020,B2,470,7,24,397.5541441999,tap,rctrl
PFC,PFC020,B2,471,7,25,397.7950266004,stimulus,
PFC,PFC020,B2,471,7,25,398.3539990000,tap,rctrl
PFC,PFC020,B2,472,7,26,398.5450352998,stimulus,
PFC,PFC020,B2,472,7,26,399.1220120005,tap,rctrl
PFC,PFC020,B2,473,7,27,399.2950491002,stimulus,
PFC,PFC020,B2,473,7,27,399.9219907001,tap,rctrl
PFC,PFC020,B2,474,7,28,400.0450635003,stimulus,
PFC,PFC020,B2,474,7,28,400.7860133005,tap,rctrl
PFC,PFC020,B2,475,7,29,400.7950776005,stimulus,
PFC,PFC020,B2,476,7,30,401.5450952007,stimulus,
PFC,PFC020,B2,476,7,30,401.9220195999,tap,rctrl
PFC,PFC020,B2,477,7,31,402.2951006005,stimulus,
PFC,PFC020,B2,477,7,31,402.8340499001,tap,rctrl
PFC,PFC020,B2,478,7,32,403.0451213000,stimulus,
PFC,PFC020,B2,478,7,32,403.6500108000,tap,rctrl
PFC,PFC020,B2,479,7,33,403.7951370003,stimulus,
PFC,PFC020,B2,479,7,33,404.3700289000,tap,rctrl
PFC,PFC020,B2,480,7,34,404.5451485002,stimulus,
PFC,PFC020,B2,480,7,34,405.2340358002,tap,lctrl
PFC,PFC020,B2,481,7,35,405.2951672003,stimulus,
PFC,PFC020,B2,481,7,35,405.9540593000,tap,rctrl
PFC,PFC020,B2,482,7,36,406.0451806001,stimulus,
PFC,PFC020,B2,482,7,36,406.6419991003,tap,lctrl
PFC,PFC020,B2,483,7,37,406.7951948000,stimulus,
PFC,PFC020,B2,484,7,38,407.5452412004,stimulus,
PFC,PFC020,B2,484,7,38,407.5861411002,tap,rctrl
PFC,PFC020,B2,485,7,39,408.2952330001,stimulus,
PFC,PFC020,B2,486,7,40,409.0452316003,stimulus,
PFC,PFC020,B2,487,7,41,409.7952437000,stimulus,
PFC,PFC020,B2,488,7,42,410.5452835998,stimulus,
PFC,PFC020,B2,489,7,43,411.2952717002,stimulus,
PFC,PFC020,B2,490,7,44,412.0452802004,stimulus,
PFC,PFC020,B2,491,7,45,412.7952909004,stimulus,
PFC,PFC020,B2,491,7,45,412.8021005997,tap,rctrl
PFC,PFC020,B2,491,7,45,413.5060668997,tap,rctrl
PFC,PFC020,B2,492,7,46,413.5453161001,stimulus,
PFC,PFC020,B2,492,7,46,414.2101010000,tap,rctrl
PFC,PFC020,B2,493,7,47,414.2953581000,stimulus,
PFC,PFC020,B2,493,7,47,414.9141578004,tap,rctrl
PFC,PFC020,B2,494,7,48,415.0453609005,stimulus,
PFC,PFC020,B2,494,7,48,415.6661013998,tap,lctrl
PFC,PFC020,B2,495,7,49,415.7953706998,stimulus,
PFC,PFC020,B2,495,7,49,416.4500034004,tap,rctrl
PFC,PFC020,B2,496,7,50,416.5453800000,stimulus,
PFC,PFC020,B2,496,7,50,417.2660878999,tap,lctrl
PFC,PFC020,B2,497,7,51,417.2953928001,stimulus,
PFC,PFC020,B2,497,7,51,418.0020334003,tap,rctrl
PFC,PFC020,B2,498,7,52,418.0454056002,stimulus,
PFC,PFC020,B2,498,7,52,418.6420331998,tap,rctrl
PFC,PFC020,B2,499,7,53,418.7954203999,stimulus,
PFC,PFC020,B2,499,7,53,419.3460315000,tap,rctrl
PFC,PFC020,B2,500,7,54,419.5454361001,stimulus,
PFC,PFC020,B2,500,7,54,420.1939973002,tap,lctrl
PFC,PFC020,B2,501,7,55,420.2954524998,stimulus,
PFC,PFC020,B2,501,7,55,420.9301220002,tap,rctrl
PFC,PFC020,B2,502,7,56,421.0454663998,stimulus,
PFC,PFC020,B2,502,7,56,421.7459917003,tap,lctrl
PFC,PFC020,B2,503,7,57,421.7954750005,stimulus,
PFC,PFC020,B2,503,7,57,422.5299890004,tap,rctrl
PFC,PFC020,B2,504,7,58,422.5454957001,stimulus,
PFC,PFC020,B2,505,7,59,423.2955119004,stimulus,
PFC,PFC020,B2,505,7,59,423.2980658002,tap,lctrl
PFC,PFC020,B2,505,7,59,423.9700338999,tap,rctrl
PFC,PFC020,B2,506,7,60,424.0455323001,stimulus,
PFC,PFC020,B2,507,7,61,424.7955401000,stimulus,
PFC,PFC020,B2,507,7,61,425.4901477005,tap,rctrl
PFC,PFC020,B2,508,7,62,425.5455573006,stimulus,
PFC,PFC020,B2,509,7,63,426.2955654003,stimulus,
PFC,PFC020,B2,509,7,63,426.3221174004,tap,rctrl
PFC,PFC020,B2,510,7,64,427.0455774004,stimulus,
PFC,PFC020,B2,510,7,64,427.6661374997,tap,rctrl
PFC,PFC020,B2,511,7,65,427.7955961004,stimulus,
PFC,PFC020,B2,511,7,65,427.9860219005,tap,rctrl
PFC,PFC020,B2,512,7,66,428.5456124004,stimulus,
PFC,PFC020,B2,512,7,66,428.5459855003,tap,rctrl
PFC,PFC020,B2,513,7,66,439.3251106003,probe1,3
PFC,PFC020,B2,513,7,66,441.7266814997,probe2,2
PFC,PFC020,B2,513,7,66,444.0464051003,probe3,1
PFC,PFC020,B2,514,8,1,444.8134077005,stimulus,
PFC,PFC020,B2,514,8,1,444.8137571998,tap,rctrl
PFC,PFC020,B2,514,8,1,445.4741029004,tap,rctrl
PFC,PFC020,B2,515,8,2,445.5634078998,stimulus,
PFC,PFC020,B2,515,8,2,446.2580220997,tap,lctrl
PFC,PFC020,B2,516,8,3,446.3134225002,stimulus,
PFC,PFC020,B2,516,8,3,446.9940991998,tap,rctrl
PFC,PFC020,B2,517,8,4,447.0634376006,stimulus,
PFC,PFC020,B2,517,8,4,447.6820883006,tap,rctrl
PFC,PFC020,B2,518,8,5,447.8134491006,stimulus,
PFC,PFC020,B2,518,8,5,448.5460373005,tap,rctrl
PFC,PFC020,B2,519,8,6,448.5634530000,stimulus,
PFC,PFC020,B2,519,8,6,449.2660098001,tap,rctrl
PFC,PFC020,B2,520,8,7,449.3134732004,stimulus,
PFC,PFC020,B2,521,8,8,450.0634845998,stimulus,
PFC,PFC020,B2,521,8,8,450.0660271998,tap,rctrl
PFC,PFC020,B2,521,8,8,450.7379884003,tap,rctrl
PFC,PFC020,B2,522,8,9,450.8134995000,stimulus,
PFC,PFC020,B2,522,8,9,451.4901280003,tap,rctrl
PFC,PFC020,B2,523,8,10,451.5635168003,stimulus,
PFC,PFC020,B2,524,8,11,452.3135364000,stimulus,
PFC,PFC020,B2,524,8,11,452.3860359006,tap,rctrl
PFC,PFC020,B2,524,8,11,452.9460904999,tap,rctrl
PFC,PFC020,B2,525,8,12,453.0635572998,stimulus,
PFC,PFC020,B2,525,8,12,453.7301078001,tap,rctrl
PFC,PFC020,B2,526,8,13,453.8135577003,stimulus,
PFC,PFC020,B2,526,8,13,454.5141168004,tap,rctrl
PFC,PFC020,B2,527,8,14,454.5636338005,stimulus,
PFC,PFC020,B2,527,8,14,455.2340460001,tap,lctrl
PFC,PFC020,B2,528,8,15,455.3136200001,stimulus,
PFC,PFC020,B2,528,8,15,455.9220932005,tap,rctrl
PFC,PFC020,B2,529,8,16,456.0636299001,stimulus,
PFC,PFC020,B2,529,8,16,456.7700385004,tap,lctrl
PFC,PFC020,B2,530,8,17,456.8136434006,stimulus,
PFC,PFC020,B2,531,8,18,457.5636617001,stimulus,
PFC,PFC020,B2,531,8,18,457.6020387001,tap,rctrl
PFC,PFC020,B2,531,8,18,458.3059747005,tap,lctrl
PFC,PFC020,B2,532,8,19,458.3136857999,stimulus,
PFC,PFC020,B2,532,8,19,459.0420602998,tap,rctrl
PFC,PFC020,B2,533,8,20,459.0636848006,stimulus,
PFC,PFC020,B2,533,8,20,459.7139895000,tap,lctrl
PFC,PFC020,B2,534,8,21,459.8136921003,stimulus,
PFC,PFC020,B2,534,8,21,460.4980239999,tap,rctrl
PFC,PFC020,B2,535,8,22,460.5637078006,stimulus,
PFC,PFC020,B2,535,8,22,461.2500229003,tap,lctrl
PFC,PFC020,B2,536,8,23,461.3137268005,stimulus,
PFC,PFC020,B2,536,8,23,462.0340218004,tap,rctrl
PFC,PFC020,B2,537,8,24,462.0637413999,stimulus,
PFC,PFC020,B2,537,8,24,462.6741716005,tap,lctrl
PFC,PFC020,B2,538,8,25,462.8137603002,stimulus,
PFC,PFC020,B2,538,8,25,463.4579975000,tap,rctrl
PFC,PFC020,B2,539,8,26,463.5637623006,stimulus,
PFC,PFC020,B2,539,8,26,464.3060271004,tap,lctrl
PFC,PFC020,B2,540,8,27,464.3137790998,stimulus,
PFC,PFC020,B2,540,8,27,464.9460517000,tap,rctrl
PFC,PFC020,B2,541,8,28,465.0637988001,stimulus,
PFC,PFC020,B2,541,8,28,465.7460337002,tap,lctrl
PFC,PFC020,B2,542,8,29,465.8138011005,stimulus,
PFC,PFC020,B2,542,8,29,466.4660143005,tap,rctrl
PFC,PFC020,B2,543,8,30,466.5638220003,stimulus,
PFC,PFC020,B2,543,8,30,467.1700219000,tap,lctrl
PFC,PFC020,B2,544,8,31,467.3138351003,stimulus,
PFC,PFC020,B2,544,8,31,467.8741362998,tap,rctrl
PFC,PFC020,B2,545,8,32,468.0638618004,stimulus,
PFC,PFC020,B2,545,8,32,468.6420203000,tap,lctrl
PFC,PFC020,B2,546,8,33,468.8138640001,stimulus,
PFC,PFC020,B2,546,8,33,469.3940850999,tap,rctrl
PFC,PFC020,B2,547,8,34,469.5638672998,stimulus,
PFC,PFC020,B2,547,8,34,470.2260183999,tap,lctrl
PFC,PFC020,B2,548,8,35,470.3138800003,stimulus,
PFC,PFC020,B2,548,8,35,470.9141159002,tap,rctrl
PFC,PFC020,B2,549,8,36,471.0638971999,stimulus,
PFC,PFC020,B2,549,8,36,471.6180630000,tap,lctrl
PFC,PFC020,B2,550,8,37,471.8139057001,stimulus,
PFC,PFC020,B2,550,8,37,472.3700421005,tap,rctrl
PFC,PFC020,B2,551,8,38,472.5639256006,stimulus,
PFC,PFC020,B2,551,8,38,473.2499609003,tap,lctrl
PFC,PFC020,B2,552,8,39,473.3139296006,stimulus,
PFC,PFC020,B2,552,8,39,474.0500058001,tap,rctrl
PFC,PFC020,B2,553,8,40,474.0639436999,stimulus,
PFC,PFC020,B2,553,8,40,474.7699988000,tap,lctrl
PFC,PFC020,B2,554,8,41,474.8139601005,stimulus,
PFC,PFC020,B2,554,8,41,475.5540380003,tap,rctrl
PFC,PFC020,B2,555,8,42,475.5639853003,stimulus,
PFC,PFC020,B2,555,8,42,476.2260530004,tap,rctrl
PFC,PFC020,B2,556,8,43,476.3140010005,stimulus,
PFC,PFC020,B2,556,8,43,477.0100264000,tap,rctrl
PFC,PFC020,B2,557,8,44,477.0640110001,stimulus,
PFC,PFC020,B2,557,8,44,477.7460377002,tap,rctrl
PFC,PFC020,B2,558,8,45,477.8140219999,stimulus,
PFC,PFC020,B2,558,8,45,478.4980279999,tap,rctrl
PFC,PFC020,B2,559,8,46,478.5640291004,stimulus,
PFC,PFC020,B2,559,8,46,479.2660464998,tap,lctrl
PFC,PFC020,B2,560,8,47,479.3140471000,stimulus,
PFC,PFC020,B2,560,8,47,479.9700309001,tap,rctrl
PFC,PFC020,B2,561,8,48,480.0640598005,stimulus,
PFC,PFC020,B2,561,8,48,480.7220253004,tap,lctrl
PFC,PFC020,B2,562,8,49,480.8140757000,stimulus,
PFC,PFC020,B2,562,8,49,481.4259938998,tap,rctrl
PFC,PFC020,B2,563,8,50,481.5640903004,stimulus,
PFC,PFC020,B2,563,8,50,482.2260216000,tap,rctrl
PFC,PFC020,B2,564,8,51,482.3141138004,stimulus,
PFC,PFC020,B2,564,8,51,483.0420511002,tap,rctrl
PFC,PFC020,B2,565,8,52,483.0641414002,stimulus,
PFC,PFC020,B2,566,8,52,489.7671527006,probe1,1
PFC,PFC020,B2,566,8,52,493.4356700005,probe2,2
PFC,PFC020,B2,566,8,52,495.0044756997,probe3,0
PFC,PFC020,B2,567,9,1,495.7714931006,stimulus,
PFC,PFC020,B2,567,9,1,495.7718313001,tap,rctrl
PFC,PFC020,B2,567,9,1,496.4661010997,tap,rctrl
PFC,PFC020,B2,568,9,2,496.5214669006,stimulus,
PFC,PFC020,B2,568,9,2,497.2660774998,tap,lctrl
PFC,PFC020,B2,569,9,3,497.2714825002,stimulus,
PFC,PFC020,B2,569,9,3,498.0180793004,tap,rctrl
PFC,PFC020,B2,570,9,4,498.0215023002,stimulus,
PFC,PFC020,B2,571,9,5,498.7715063998,stimulus,
PFC,PFC020,B2,571,9,5,498.7860579006,tap,lctrl
PFC,PFC020,B2,572,9,6,499.5215209005,stimulus,
PFC,PFC020,B2,572,9,6,499.5379824005,tap,lctrl
PFC,PFC020,B2,573,9,7,500.2715412006,stimulus,
PFC,PFC020,B2,573,9,7,500.4021909004,tap,lctrl
PFC,PFC020,B2,574,9,8,501.0215523001,stimulus,
PFC,PFC020,B2,574,9,8,501.0740037998,tap,lctrl
PFC,PFC020,B2,575,9,9,501.7715638001,stimulus,
PFC,PFC020,B2,575,9,9,501.8260960001,tap,lctrl
PFC,PFC020,B2,576,9,10,502.5215705000,stimulus,
PFC,PFC020,B2,576,9,10,502.5299904998,tap,lctrl
PFC,PFC020,B2,576,9,10,503.2181242006,tap,lctrl
PFC,PFC020,B2,577,9,11,503.2715899004,stimulus,
PFC,PFC020,B2,577,9,11,503.9860618999,tap,lctrl
PFC,PFC020,B2,578,9,12,504.0216003004,stimulus,
PFC,PFC020,B2,578,9,12,504.7060651006,tap,lctrl
PFC,PFC020,B2,579,9,13,504.7716289004,stimulus,
PFC,PFC020,B2,580,9,14,505.5216407003,stimulus,
PFC,PFC020,B2,580,9,14,505.5220255004,tap,rctrl
PFC,PFC020,B2,580,9,14,506.1780353002,tap,rctrl
PFC,PFC020,B2,581,9,15,506.2716448000,stimulus,
PFC,PFC020,B2,581,9,15,506.9780131998,tap,rctrl
PFC,PFC020,B2,582,9,16,507.0216487003,stimulus,
PFC,PFC020,B2,582,9,16,507.7139984006,tap,rctrl
PFC,PFC020,B2,583,9,17,507.7716565998,stimulus,
PFC,PFC020,B2,583,9,17,508.4980418999,tap,rctrl
PFC,PFC020,B2,584,9,18,508.5216840003,stimulus,
PFC,PFC020,B2,584,9,18,509.2340778001,tap,rctrl
PFC,PFC020,B2,585,9,19,509.2716982001,stimulus,
PFC,PFC020,B2,585,9,19,509.9860219005,tap,rctrl
PFC,PFC020,B2,586,9,20,510.0217152005,stimulus,
PFC,PFC020,B2,586,9,20,510.7379935998,tap,rctrl
PFC,PFC020,B2,587,9,21,510.7717240006,stimulus,
PFC,PFC020,B2,587,9,21,511.4580982998,tap,rctrl
PFC,PFC020,B2,588,9,22,511.5217359001,stimulus,
PFC,PFC020,B2,588,9,22,512.1462046001,tap,rctrl
PFC,PFC020,B2,589,9,23,512.2717562998,stimulus,
PFC,PFC020,B2,590,9,24,513.0217753006,stimulus,
PFC,PFC020,B2,590,9,24,513.0740533005,tap,rctrl
PFC,PFC020,B2,591,9,25,513.7717845002,stimulus,
PFC,PFC020,B2,591,9,25,513.8259883001,tap,rctrl
PFC,PFC020,B2,591,9,25,514.4980866006,tap,rctrl
PFC,PFC020,B2,592,9,26,514.5217928998,stimulus,
PFC,PFC020,B2,592,9,26,515.1700311005,tap,rctrl
PFC,PFC020,B2,593,9,27,515.2718211003,stimulus,
PFC,PFC020,B2,593,9,27,515.8739951998,tap,rctrl
PFC,PFC020,B2,594,9,28,516.0218284000,stimulus,
PFC,PFC020,B2,594,9,28,516.6740763998,tap,rctrl
PFC,PFC020,B2,595,9,29,516.7718355004,stimulus,
PFC,PFC020,B2,595,9,29,517.3139958000,tap,rctrl
PFC,PFC020,B2,596,9,30,517.5218552006,stimulus,
PFC,PFC020,B2,596,9,30,518.1140413005,tap,rctrl
PFC,PFC020,B2,597,9,31,518.2718754997,stimulus,
PFC,PFC020,B2,597,9,31,518.8500337005,tap,lctrl
PFC,PFC020,B2,598,9,32,519.0218941001,stimulus,
PFC,PFC020,B2,598,9,32,519.7459970005,tap,lctrl
PFC,PFC020,B2,599,9,33,519.7718904000,stimulus,
PFC,PFC020,B2,599,9,33,520.5140984999,tap,lctrl
PFC,PFC020,B2,600,9,34,520.5219133003,stimulus,
PFC,PFC020,B2,600,9,34,521.2500087004,tap,lctrl
PFC,PFC020,B2,601,9,35,521.2719286000,stimulus,
PFC,PFC020,B2,601,9,35,521.9381058998,tap,lctrl
PFC,PFC020,B2,602,9,36,522.0219445005,stimulus,
PFC,PFC020,B2,602,9,36,522.6100003002,tap,lctrl
PFC,PFC020,B2,603,9,37,522.7719584005,stimulus,
PFC,PFC020,B2,603,9,37,523.3620274998,tap,lctrl
PFC,PFC020,B2,604,9,38,523.5219727000,stimulus,
PFC,PFC020,B2,604,9,38,524.1460108999,tap,lshift
PFC,PFC020,B2,605,9,39,524.2719892003,stimulus,
PFC,PFC020,B2,605,9,39,524.9140539998,tap,rctrl
PFC,PFC020,B2,606,9,40,525.0220023999,stimulus,
PFC,PFC020,B2,606,9,40,525.6660476997,tap,lctrl
PFC,PFC020,B2,607,9,41,525.7720242003,stimulus,
PFC,PFC020,B2,607,9,41,526.4661226002,tap,rctrl
PFC,PFC020,B2,608,9,42,526.5220411997,stimulus,
PFC,PFC020,B2,608,9,42,527.2501234002,tap,lctrl
PFC,PFC020,B2,609,9,43,527.2720552003,stimulus,
PFC,PFC020,B2,609,9,43,527.9701239998,tap,rctrl
PFC,PFC020,B2,610,9,44,528.0220846003,stimulus,
PFC,PFC020,B2,610,9,44,528.7540068999,tap,lctrl
PFC,PFC020,B2,611,9,45,528.7720813006,stimulus,
PFC,PFC020,B2,611,9,45,529.4900098005,tap,rctrl
PFC,PFC020,B2,612,9,46,529.5220960006,stimulus,
PFC,PFC020,B2,613,9,47,530.2721102005,stimulus,
PFC,PFC020,B2,613,9,47,530.2740392005,tap,lctrl
PFC,PFC020,B2,613,9,47,530.9300349997,tap,rctrl
PFC,PFC020,B2,614,9,48,531.0221314002,stimulus,
PFC,PFC020,B2,614,9,48,531.6980432002,tap,rctrl
PFC,PFC020,B2,615,9,49,531.7721289005,stimulus,
PFC,PFC020,B2,615,9,49,532.3700315999,tap,rctrl
PFC,PFC020,B2,616,9,50,532.5221426003,stimulus,
PFC,PFC020,B2,616,9,50,533.2020281004,tap,rctrl
PFC,PFC020,B2,617,9,51,533.2721623005,stimulus,
PFC,PFC020,B2,617,9,51,533.9220096003,tap,rctrl
PFC,PFC020,B2,618,9,52,534.0221757004,stimulus,
PFC,PFC020,B2,618,9,52,534.6740161004,tap,rctrl
PFC,PFC020,B2,619,9,53,534.7721837005,stimulus,
PFC,PFC020,B2,619,9,53,535.4260229003,tap,lctrl
PFC,PFC020,B2,620,9,54,535.5222038999,stimulus,
PFC,PFC020,B2,620,9,54,536.0980333006,tap,rctrl
PFC,PFC020,B2,621,9,55,536.2722156001,stimulus,
PFC,PFC020,B2,621,9,55,536.9139875006,tap,lctrl
PFC,PFC020,B2,622,9,56,537.0222251005,stimulus,
PFC,PFC020,B2,622,9,56,537.6179838004,tap,rctrl
PFC,PFC020,B2,623,9,57,537.7722399002,stimulus,
PFC,PFC020,B2,623,9,57,538.3540690998,tap,rctrl
PFC,PFC020,B2,624,9,58,538.5222530998,stimulus,
PFC,PFC020,B2,624,9,58,539.1540283998,tap,rctrl
PFC,PFC020,B2,625,9,59,539.2722618999,stimulus,
PFC,PFC020,B2,625,9,59,539.9220123002,tap,lctrl
PFC,PFC020,B2,626,9,60,540.0222746003,stimulus,
PFC,PFC020,B2,626,9,60,540.6579841003,tap,rctrl
PFC,PFC020,B2,627,9,61,540.7722844006,stimulus,
PFC,PFC020,B2,627,9,61,541.4260189999,tap,lctrl
PFC,PFC020,B2,628,9,62,541.5222984999,stimulus,
PFC,PFC020,B2,628,9,62,542.1460210998,tap,rctrl
PFC,PFC020,B2,629,9,63,542.2723118002,stimulus,
PFC,PFC020,B2,629,9,63,542.9140626006,tap,lctrl
PFC,PFC020,B2,630,9,64,543.0223377002,stimulus,
PFC,PFC020,B2,630,9,64,543.7140258998,tap,rctrl
PFC,PFC020,B2,631,9,65,543.7723412998,stimulus,
PFC,PFC020,B2,631,9,65,544.4820031999,tap,lctrl
PFC,PFC020,B2,632,9,66,544.5223543998,stimulus,
PFC,PFC020,B2,632,9,66,545.1860269001,tap,lctrl
PFC,PFC020,B2,633,9,67,545.2723734006,stimulus,
PFC,PFC020,B2,633,9,67,545.9700344000,tap,rctrl
PFC,PFC020,B2,634,9,68,546.0223781001,stimulus,
PFC,PFC020,B2,634,9,68,546.7220876003,tap,rctrl
PFC,PFC020,B2,635,9,69,546.7723885002,stimulus,
PFC,PFC020,B2,635,9,69,547.5220152000,tap,rctrl
PFC,PFC020,B2,636,9,70,547.5224060006,stimulus,
PFC,PFC020,B2,636,9,70,548.2260973006,tap,rctrl
PFC,PFC020,B2,637,9,71,548.2724298006,stimulus,
PFC,PFC020,B2,637,9,71,548.9460095000,tap,rctrl
PFC,PFC020,B2,638,9,72,549.0224358002,stimulus,
PFC,PFC020,B2,638,9,72,549.6340084998,tap,rctrl
PFC,PFC020,B2,639,9,73,549.7724451004,stimulus,
PFC,PFC020,B2,639,9,73,550.4180123005,tap,rctrl
PFC,PFC020,B2,640,9,74,550.5224679001,stimulus,
PFC,PFC020,B2,640,9,74,551.2020762004,tap,rctrl
PFC,PFC020,B2,641,9,75,551.2724804999,stimulus,
PFC,PFC020,B2,641,9,75,552.0020110002,tap,rctrl
PFC,PFC020,B2,642,9,76,552.0224863999,stimulus,
PFC,PFC020,B2,642,9,76,552.7540015001,tap,rctrl
PFC,PFC020,B2,643,9,77,552.7725036005,stimulus,
PFC,PFC020,B2,643,9,77,553.4739907002,tap,lctrl
PFC,PFC020,B2,644,9,78,553.5225268006,stimulus,
PFC,PFC020,B2,644,9,78,554.2260349998,tap,rctrl
PFC,PFC020,B2,645,9,79,554.2725330004,stimulus,
PFC,PFC020,B2,645,9,79,554.9140264001,tap,rctrl
PFC,PFC020,B2,646,9,80,555.0225464003,stimulus,
PFC,PFC020,B2,646,9,80,555.7460506000,tap,lctrl
PFC,PFC020,B2,647,9,81,555.7725627003,stimulus,
PFC,PFC020,B2,648,9,82,556.5225750003,stimulus,
PFC,PFC020,B2,648,9,82,556.5460336003,tap,lctrl
PFC,PFC020,B2,648,9,82,557.2500256998,tap,lctrl
PFC,PFC020,B2,649,9,83,557.2725900998,stimulus,
PFC,PFC020,B2,649,9,83,557.9060797002,tap,lctrl
PFC,PFC020,B2,650,9,84,558.0226154001,stimulus,
PFC,PFC020,B2,651,9,85,558.7726181000,stimulus,
PFC,PFC020,B2,651,9,85,558.8980382998,tap,lctrl
PFC,PFC020,B2,651,9,85,559.5060005002,tap,lctrl
PFC,PFC020,B2,652,9,86,559.5226410003,stimulus,
PFC,PFC020,B2,652,9,86,560.1140450006,tap,lctrl
PFC,PFC020,B2,653,9,86,564.3610234000,probe1,1
PFC,PFC020,B2,653,9,86,566.4292107001,probe2,2
PFC,PFC020,B2,653,9,86,567.9974373002,probe3,0
PFC,PFC020,B2,654,10,1,568.7664229004,stimulus,
PFC,PFC020,B2,654,10,1,569.0261364002,tap,rctrl
PFC,PFC020,B2,654,10,1,569.4900147002,tap,rctrl
PFC,PFC020,B2,655,10,2,569.5164219001,stimulus,
PFC,PFC020,B2,655,10,2,570.2260280000,tap,lctrl
PFC,PFC020,B2,656,10,3,570.2664349005,stimulus,
PFC,PFC020,B2,656,10,3,570.9299873998,tap,rctrl
PFC,PFC020,B2,657,10,4,571.0164537998,stimulus,
PFC,PFC020,B2,657,10,4,571.7620457998,tap,lctrl
PFC,PFC020,B2,658,10,5,571.7664684001,stimulus,
PFC,PFC020,B2,658,10,5,572.4660959002,tap,rctrl
PFC,PFC020,B2,659,10,6,572.5164823998,stimulus,
PFC,PFC020,B2,659,10,6,573.1540552005,tap,lctrl
PFC,PFC020,B2,660,10,7,573.2665036004,stimulus,
PFC,PFC020,B2,661,10,8,574.0165122999,stimulus,
PFC,PFC020,B2,661,10,8,574.0180640006,tap,rctrl
PFC,PFC020,B2,661,10,8,574.7379989000,tap,lctrl
PFC,PFC020,B2,662,10,9,574.7665264998,stimulus,
PFC,PFC020,B2,663,10,10,575.5165464999,stimulus,
PFC,PFC020,B2,663,10,10,575.5220386004,tap,lctrl
PFC,PFC020,B2,663,10,10,576.1460835999,tap,lctrl
PFC,PFC020,B2,664,10,11,576.2665579999,stimulus,
PFC,PFC020,B2,664,10,11,576.9299982004,tap,lctrl
PFC,PFC020,B2,665,10,12,577.0165814999,stimulus,
PFC,PFC020,B2,665,10,12,577.7300741998,tap,lctrl
PFC,PFC020,B2,666,10,13,577.7665985003,stimulus,
PFC,PFC020,B2,667,10,14,578.5166129004,stimulus,
PFC,PFC020,B2,667,10,14,578.5300304005,tap,lctrl
PFC,PFC020,B2,668,10,15,579.2666349998,stimulus,
PFC,PFC020,B2,668,10,15,579.3460209006,tap,lctrl
PFC,PFC020,B2,669,10,16,580.0166508006,stimulus,
PFC,PFC020,B2,669,10,16,580.0180802001,tap,lctrl
PFC,PFC020,B2,669,10,16,580.7540666005,tap,lctrl
PFC,PFC020,B2,670,10,17,580.7666603997,stimulus,
PFC,PFC020,B2,670,10,17,581.5060489997,tap,lctrl
PFC,PFC020,B2,671,10,18,581.5166771002,stimulus,
PFC,PFC020,B2,672,10,19,582.2666910999,stimulus,
PFC,PFC020,B2,672,10,19,582.2739954004,tap,rctrl
PFC,PFC020,B2,673,10,20,583.0167244999,stimulus,
PFC,PFC020,B2,673,10,20,583.0580019997,tap,rctrl
PFC,PFC020,B2,673,10,20,583.7140864003,tap,lctrl
PFC,PFC020,B2,674,10,21,583.7667185999,stimulus,
PFC,PFC020,B2,675,10,22,584.5167305004,stimulus,
PFC,PFC020,B2,675,10,22,584.5300155003,tap,rctrl
PFC,PFC020,B2,676,10,23,585.2667548005,stimulus,
PFC,PFC020,B2,676,10,23,585.2820465006,tap,rctrl
PFC,PFC020,B2,676,10,23,585.9380211001,tap,rctrl
PFC,PFC020,B2,677,10,24,586.0167715000,stimulus,
PFC,PFC020,B2,677,10,24,586.6741728000,tap,rctrl
PFC,PFC020,B2,678,10,25,586.7667986006,stimulus,
PFC,PFC020,B2,678,10,25,587.3940614006,tap,rctrl
PFC,PFC020,B2,679,10,26,587.5168193998,stimulus,
PFC,PFC020,B2,679,10,26,588.2260798998,tap,rctrl
PFC,PFC020,B2,680,10,27,588.2668177001,stimulus,
PFC,PFC020,B2,680,10,27,588.9300346998,tap,rctrl
PFC,PFC020,B2,681,10,28,589.0168264005,stimulus,
PFC,PFC020,B2,681,10,28,589.7140197000,tap,lctrl
PFC,PFC020,B2,682,10,29,589.7668352006,stimulus,
PFC,PFC020,B2,682,10,29,590.5140885999,tap,rctrl
PFC,PFC020,B2,683,10,30,590.5168636004,stimulus,
PFC,PFC020,B2,683,10,30,591.1380874002,tap,lctrl
PFC,PFC020,B2,684,10,31,591.2668706998,stimulus,
PFC,PFC020,B2,684,10,31,591.9060640000,tap,rctrl
PFC,PFC020,B2,685,10,32,592.0168928998,stimulus,
PFC,PFC020,B2,685,10,32,592.7220247006,tap,rctrl
PFC,PFC020,B2,686,10,33,592.7668901002,stimulus,
PFC,PFC020,B2,686,10,33,593.3940946003,tap,rctrl
PFC,PFC020,B2,687,10,34,593.5169040002,stimulus,
PFC,PFC020,B2,687,10,34,594.1940435003,tap,rctrl
PFC,PFC020,B2,688,10,35,594.2669396000,stimulus,
PFC,PFC020,B2,688,10,35,594.9620676003,tap,rctrl
PFC,PFC020,B2,689,10,36,595.0169366002,stimulus,
PFC,PFC020,B2,689,10,36,595.6340430006,tap,rctrl
PFC,PFC020,B2,690,10,37,595.7669503000,stimulus,
PFC,PFC020,B2,690,10,37,596.4660550999,tap,rctrl
PFC,PFC020,B2,691,10,38,596.5169603005,stimulus,
PFC,PFC020,B2,691,10,38,597.0900050998,tap,rctrl
PFC,PFC020,B2,692,10,39,597.2669678004,stimulus,
PFC,PFC020,B2,692,10,39,597.8419845998,tap,rctrl
PFC,PFC020,B2,693,10,40,598.0169769004,stimulus,
PFC,PFC020,B2,693,10,40,598.6260687001,tap,rctrl
PFC,PFC020,B2,694,10,41,598.7669839002,stimulus,
PFC,PFC020,B2,694,10,41,599.3620720999,tap,rctrl
PFC,PFC020,B2,695,10,42,599.5170101002,stimulus,
PFC,PFC020,B2,695,10,42,600.1460196003,tap,lctrl
PFC,PFC020,B2,696,10,43,600.2670203000,stimulus,
PFC,PFC020,B2,696,10,43,600.9140779004,tap,rctrl
PFC,PFC020,B2,697,10,44,601.0170331001,stimulus,
PFC,PFC020,B2,697,10,44,601.6660201000,tap,rctrl
PFC,PFC020,B2,698,10,45,601.7670430001,stimulus,
PFC,PFC020,B2,698,10,45,602.4019923005,tap,rctrl
PFC,PFC020,B2,699,10,46,602.5170526002,stimulus,
PFC,PFC020,B2,699,10,46,603.1700092005,tap,rctrl
PFC,PFC020,B2,700,10,47,603.2670669006,stimulus,
PFC,PFC020,B2,700,10,47,603.9380585998,tap,rctrl
PFC,PFC020,B2,701,10,48,604.0170840006,stimulus,
PFC,PFC020,B2,701,10,48,604.6580007998,tap,rctrl
PFC,PFC020,B2,702,10,49,604.7670956003,stimulus,
PFC,PFC020,B2,702,10,49,605.3781204000,tap,rctrl
PFC,PFC020,B2,703,10,50,605.5171162002,stimulus,
PFC,PFC020,B2,703,10,50,606.0660370998,tap,rctrl
PFC,PFC020,B2,704,10,51,606.2671240000,stimulus,
PFC,PFC020,B2,704,10,51,606.8820088003,tap,rctrl
PFC,PFC020,B2,705,10,52,607.0171364006,stimulus,
PFC,PFC020,B2,705,10,52,607.6020082999,tap,rctrl
PFC,PFC020,B2,706,10,53,607.7671491997,stimulus,
PFC,PFC020,B2,706,10,53,608.4020194998,tap,rctrl
PFC,PFC020,B2,707,10,54,608.5171630001,stimulus,
PFC,PFC020,B2,707,10,54,609.2340128999,tap,lctrl
PFC,PFC020,B2,708,10,55,609.2671790998,stimulus,
PFC,PFC020,B2,709,10,56,610.0171951000,stimulus,
PFC,PFC020,B2,709,10,56,610.0340860998,tap,rctrl
PFC,PFC020,B2,709,10,56,610.7220216999,tap,rctrl
PFC,PFC020,B2,710,10,57,610.7672032006,stimulus,
PFC,PFC020,B2,710,10,57,611.3620909005,tap,rctrl
PFC,PFC020,B2,711,10,58,611.5172204003,stimulus,
PFC,PFC020,B2,711,10,58,612.1780123999,tap,rctrl
PFC,PFC020,B2,712,10,59,612.2672310006,stimulus,
PFC,PFC020,B2,712,10,59,612.8180064000,tap,rctrl
PFC,PFC020,B2,713,10,60,613.0172405997,stimulus,
PFC,PFC020,B2,713,10,60,613.6979915006,tap,rctrl
PFC,PFC020,B2,714,10,61,613.7672423003,stimulus,
PFC,PFC020,B2,714,10,61,614.3700182000,tap,rctrl
PFC,PFC020,B2,715,10,62,614.5172731001,stimulus,
PFC,PFC020,B2,715,10,62,615.1221757000,tap,lctrl
PFC,PFC020,B2,716,10,63,615.2672869004,stimulus,
PFC,PFC020,B2,716,10,63,615.9061150998,tap,rctrl
PFC,PFC020,B2,717,10,64,616.0172952004,stimulus,
PFC,PFC020,B2,717,10,64,616.7060297001,tap,lctrl
PFC,PFC020,B2,718,10,65,616.7673148001,stimulus,
PFC,PFC020,B2,718,10,65,617.4580298001,tap,rctrl
PFC,PFC020,B2,719,10,66,617.5173206003,stimulus,
PFC,PFC020,B2,719,10,66,618.1620008005,tap,rctrl
PFC,PFC020,B2,720,10,66,622.1253473004,probe1,2
PFC,PFC020,B2,720,10,66,623.6931812000,probe2,0
PFC,PFC020,B2,720,10,66,625.2610343006,probe3,0
PFC,PFC020,B2,721,11,1,626.0300118001,stimulus,
PFC,PFC020,B2,721,11,1,626.0303923003,tap,rctrl
PFC,PFC020,B2,721,11,1,626.7220035000,tap,rctrl
PFC,PFC020,B2,722,11,2,626.7800035998,stimulus,
PFC,PFC020,B2,722,11,2,627.5059969006,tap,rctrl
PFC,PFC020,B2,723,11,3,627.5300176004,stimulus,
PFC,PFC020,B2,723,11,3,628.1940401997,tap,lctrl
PFC,PFC020,B2,724,11,4,628.2800281001,stimulus,
PFC,PFC020,B2,724,11,4,629.0099996999,tap,rctrl
PFC,PFC020,B2,725,11,5,629.0300401999,stimulus,
PFC,PFC020,B2,725,11,5,629.6819986003,tap,lctrl
PFC,PFC020,B2,726,11,6,629.7800620003,stimulus,
PFC,PFC020,B2,726,11,6,630.5141107002,tap,rctrl
PFC,PFC020,B2,727,11,7,630.5300837001,stimulus,
PFC,PFC020,B2,728,11,8,631.2800836004,stimulus,
PFC,PFC020,B2,728,11,8,631.3140278999,tap,lctrl
PFC,PFC020,B2,729,11,9,632.0300984001,stimulus,
PFC,PFC020,B2,729,11,9,632.0979963997,tap,rctrl
PFC,PFC020,B2,730,11,10,632.7801119005,stimulus,
PFC,PFC020,B2,730,11,10,632.8340330003,tap,lctrl
PFC,PFC020,B2,731,11,11,633.5301238000,stimulus,
PFC,PFC020,B2,731,11,11,633.6340124002,tap,rctrl
PFC,PFC020,B2,732,11,12,634.2801371999,stimulus,
PFC,PFC020,B2,732,11,12,634.3060256001,tap,lctrl
PFC,PFC020,B2,732,11,12,635.0260946006,tap,rctrl
PFC,PFC020,B2,733,11,13,635.0301558003,stimulus,
PFC,PFC020,B2,733,11,13,635.7460785005,tap,lctrl
PFC,PFC020,B2,734,11,14,635.7801769003,stimulus,
PFC,PFC020,B2,735,11,15,636.5301831998,stimulus,
PFC,PFC020,B2,735,11,15,636.5620472003,tap,rctrl
PFC,PFC020,B2,735,11,15,637.2661146000,tap,lctrl
PFC,PFC020,B2,736,11,16,637.2801972004,stimulus,
PFC,PFC020,B2,737,11,17,638.0302120000,stimulus,
PFC,PFC020,B2,737,11,17,638.0981291998,tap,rctrl
PFC,PFC020,B2,737,11,17,638.7379943999,tap,lctrl
PFC,PFC020,B2,738,11,18,638.7802248001,stimulus,
PFC,PFC020,B2,739,11,19,639.5302299000,stimulus,
PFC,PFC020,B2,739,11,19,639.5379889002,tap,rctrl
PFC,PFC020,B2,739,11,19,640.2101004999,tap,lctrl
PFC,PFC020,B2,740,11,20,640.2802546006,stimulus,
PFC,PFC020,B2,741,11,21,641.0302678002,stimulus,
PFC,PFC020,B2,741,11,21,641.0580385998,tap,rctrl
PFC,PFC020,B2,741,11,21,641.7620181004,tap,lctrl
PFC,PFC020,B2,742,11,22,641.7802773006,stimulus,
PFC,PFC020,B2,743,11,23,642.5302921999,stimulus,
PFC,PFC020,B2,743,11,23,642.5621221000,tap,rctrl
PFC,PFC020,B2,744,11,24,643.2803157000,stimulus,
PFC,PFC020,B2,744,11,24,643.2820180999,tap,lctrl
PFC,PFC020,B2,745,11,25,644.0303229000,stimulus,
PFC,PFC020,B2,745,11,25,644.1140647000,tap,rctrl
PFC,PFC020,B2,745,11,25,644.7700519003,tap,lctrl
PFC,PFC020,B2,746,11,26,644.7803322002,stimulus,
PFC,PFC020,B2,747,11,27,645.5303611001,stimulus,
PFC,PFC020,B2,747,11,27,645.6181145003,tap,rctrl
PFC,PFC020,B2,747,11,27,646.2580104005,tap,lctrl
PFC,PFC020,B2,748,11,28,646.2803648999,stimulus,
PFC,PFC020,B2,748,11,28,646.9941384001,tap,rctrl
PFC,PFC020,B2,749,11,29,647.0303755999,stimulus,
PFC,PFC020,B2,749,11,29,647.7781269997,tap,lctrl
PFC,PFC020,B2,750,11,30,647.7803996000,stimulus,
PFC,PFC020,B2,751,11,31,648.5304035004,stimulus,
PFC,PFC020,B2,751,11,31,649.2180618001,tap,rctrl
PFC,PFC020,B2,752,11,32,649.2804049002,stimulus,
PFC,PFC020,B2,752,11,32,650.0180246998,tap,rctrl
PFC,PFC020,B2,753,11,33,650.0304266000,stimulus,
PFC,PFC020,B2,754,11,34,650.7804548005,stimulus,
PFC,PFC020,B2,754,11,34,650.8021299001,tap,rctrl
PFC,PFC020,B2,755,11,35,651.5304549001,stimulus,
PFC,PFC020,B2,755,11,35,651.6020700000,tap,rctrl
PFC,PFC020,B2,756,11,36,652.2804645002,stimulus,
PFC,PFC020,B2,756,11,36,652.3220939003,tap,rctrl
PFC,PFC020,B2,757,11,37,653.0304775005,stimulus,
PFC,PFC020,B2,757,11,37,653.0901206005,tap,rctrl
PFC,PFC020,B2,758,11,38,653.7804846000,stimulus,
PFC,PFC020,B2,758,11,38,653.8900052002,tap,rctrl
PFC,PFC020,B2,759,11,39,654.5304934001,stimulus,
PFC,PFC020,B2,759,11,39,654.6101203999,tap,rctrl
PFC,PFC020,B2,760,11,40,655.2805253007,stimulus,
PFC,PFC020,B2,760,11,40,655.3141442006,tap,rctrl
PFC,PFC020,B2,760,11,40,655.9380614003,tap,rctrl
PFC,PFC020,B2,761,11,41,656.0305481004,stimulus,
PFC,PFC020,B2,761,11,41,656.5620689997,tap,rctrl
PFC,PFC020,B2,762,11,42,656.7805539006,stimulus,
PFC,PFC020,B2,762,11,42,657.4259994999,tap,rctrl
PFC,PFC020,B2,763,11,43,657.5305645000,stimulus,
PFC,PFC020,B2,763,11,43,658.2740201000,tap,rctrl
PFC,PFC020,B2,764,11,44,658.2805810003,stimulus,
PFC,PFC020,B2,764,11,44,658.8820507005,tap,rctrl
PFC,PFC020,B2,765,11,45,659.0305909999,stimulus,
PFC,PFC020,B2,765,11,45,659.4419838004,tap,rctrl
PFC,PFC020,B2,766,11,46,659.7806045003,stimulus,
PFC,PFC020,B2,766,11,46,659.9540005000,tap,rctrl
PFC,PFC020,B2,766,11,46,660.3700051000,tap,rctrl
PFC,PFC020,B2,767,11,47,660.5306237005,stimulus,
PFC,PFC020,B2,768,11,48,661.2806417998,stimulus,
PFC,PFC020,B2,769,11,49,662.0306627005,stimulus,
PFC,PFC020,B2,769,11,49,662.6420053998,tap,rctrl
PFC,PFC020,B2,770,11,50,662.7806671001,stimulus,
PFC,PFC020,B2,770,11,50,663.3780021006,tap,rctrl
PFC,PFC020,B2,771,11,51,663.5306791002,stimulus,
PFC,PFC020,B2,771,11,51,664.1300010001,tap,lctrl
PFC,PFC020,B2,772,11,52,664.2806898998,stimulus,
PFC,PFC020,B2,772,11,52,664.9940098999,tap,lctrl
PFC,PFC020,B2,773,11,53,665.0307041006,stimulus,
PFC,PFC020,B2,773,11,53,665.7300616000,tap,rctrl
PFC,PFC020,B2,774,11,54,665.7807334000,stimulus,
PFC,PFC020,B2,774,11,54,666.4340112004,tap,lctrl
PFC,PFC020,B2,775,11,55,666.5307320002,stimulus,
PFC,PFC020,B2,775,11,55,667.1220038999,tap,rctrl
PFC,PFC020,B2,776,11,56,667.2807437005,stimulus,
PFC,PFC020,B2,776,11,56,667.9380262000,tap,rctrl
PFC,PFC020,B2,777,11,57,668.0307678003,stimulus,
PFC,PFC020,B2,777,11,57,668.7061214000,tap,rctrl
PFC,PFC020,B2,778,11,58,668.7807720006,stimulus,
PFC,PFC020,B2,778,11,58,669.4100035001,tap,rctrl
PFC,PFC020,B2,779,11,59,669.5307876999,stimulus,
PFC,PFC020,B2,779,11,59,670.1940040998,tap,rctrl
PFC,PFC020,B2,780,11,60,670.2808026997,stimulus,
PFC,PFC020,B2,780,11,60,670.9301241999,tap,rctrl
PFC,PFC020,B2,781,11,61,671.0308340006,stimulus,
PFC,PFC020,B2,781,11,61,671.6820125002,tap,rctrl
PFC,PFC020,B2,782,11,62,671.7808355000,stimulus,
PFC,PFC020,B2,782,11,62,672.4500521999,tap,rctrl
PFC,PFC020,B2,783,11,63,672.5308576999,stimulus,
PFC,PFC020,B2,783,11,63,673.2340978999,tap,rctrl
PFC,PFC020,B2,784,11,64,673.2808659999,stimulus,
PFC,PFC020,B2,785,11,65,674.0308762006,stimulus,
PFC,PFC020,B2,785,11,65,674.0340667004,tap,lctrl
PFC,PFC020,B2,785,11,65,674.6899808003,tap,lctrl
PFC,PFC020,B2,786,11,66,674.7808843004,stimulus,
PFC,PFC020,B2,786,11,66,675.5220557004,tap,rctrl
PFC,PFC020,B2,787,11,67,675.5309116002,stimulus,
PFC,PFC020,B2,787,11,67,676.2421509000,tap,rctrl
PFC,PFC020,B2,788,11,68,676.2809172999,stimulus,
PFC,PFC020,B2,788,11,68,676.9939977005,tap,lctrl
PFC,PFC020,B2,789,11,69,677.0309237000,stimulus,
PFC,PFC020,B2,789,11,69,677.7459828006,tap,lctrl
PFC,PFC020,B2,790,11,70,677.7809340004,stimulus,
PFC,PFC020,B2,790,11,70,678.5140151000,tap,rctrl
PFC,PFC020,B2,791,11,71,678.5309546003,stimulus,
PFC,PFC020,B2,792,11,72,679.2809701003,stimulus,
PFC,PFC020,B2,792,11,72,679.2980716005,tap,rctrl
PFC,PFC020,B2,793,11,73,680.0309782000,stimulus,
PFC,PFC020,B2,793,11,73,680.0660560001,tap,lctrl
PFC,PFC020,B2,794,11,74,680.7810121998,stimulus,
PFC,PFC020,B2,794,11,74,680.8181384001,tap,rctrl
PFC,PFC020,B2,794,11,74,681.5219999999,tap,lctrl
PFC,PFC020,B2,795,11,75,681.5310161998,stimulus,
PFC,PFC020,B2,796,11,76,682.2810283005,stimulus,
PFC,PFC020,B2,796,11,76,682.3060931005,tap,rctrl
PFC,PFC020,B2,797,11,77,683.0310443006,stimulus,
PFC,PFC020,B2,797,11,77,683.0900750002,tap,lctrl
PFC,PFC020,B2,798,11,78,683.7810567999,stimulus,
PFC,PFC020,B2,798,11,78,683.8100600000,tap,lctrl
PFC,PFC020,B2,799,11,79,684.5310965003,stimulus,
PFC,PFC020,B2,799,11,79,684.6421143999,tap,rctrl
PFC,PFC020,B2,800,11,79,690.5315287001,probe1,1
PFC,PFC020,B2,800,11,79,694.8686038004,probe2,2
PFC,PFC020,B2,800,11,79,697.7878040997,probe3,0
